[{"interaction":"KillSprite","tick":"7","pairInteractionTick":"7 - KillSprite","sprite2":"sword","sprite1":"monsterNormal"},{"interaction":"StepBack","tick":"12","pairInteractionTick":"12 - StepBack","sprite2":"wall","sprite1":"monsterNormal"},{"interaction":"KillSprite","tick":"15","pairInteractionTick":"15 - KillSprite","sprite2":"sword","sprite1":"monsterNormal"},{"interaction":"KillSprite","tick":"30","pairInteractionTick":"30 - KillSprite","sprite2":"sword","sprite1":"monsterNormal"},{"interaction":"TransformTo","tick":"46","pairInteractionTick":"46 - TransformTo","sprite2":"key","sprite1":"nokey"},{"interaction":"KillSprite","tick":"65","pairInteractionTick":"65 - KillSprite","sprite2":"withkey","sprite1":"goal"}]