[{"interaction":"KillBoth","tick":"70","pairInteractionTick":"70 - KillBoth","sprite2":"bomb","sprite1":"base"},{"interaction":"KillBoth","tick":"70","pairInteractionTick":"70 - KillBoth","sprite2":"bomb","sprite1":"base"},{"interaction":"KillBoth","tick":"115","pairInteractionTick":"115 - KillBoth","sprite2":"bomb","sprite1":"base"},{"interaction":"KillBoth","tick":"115","pairInteractionTick":"115 - KillBoth","sprite2":"bomb","sprite1":"base"},{"interaction":"KillBoth","tick":"202","pairInteractionTick":"202 - KillBoth","sprite2":"bomb","sprite1":"base"},{"interaction":"KillBoth","tick":"202","pairInteractionTick":"202 - KillBoth","sprite2":"bomb","sprite1":"base"},{"interaction":"KillBoth","tick":"204","pairInteractionTick":"204 - KillBoth","sprite2":"bomb","sprite1":"base"},{"interaction":"KillBoth","tick":"208","pairInteractionTick":"208 - KillBoth","sprite2":"bomb","sprite1":"base"},{"interaction":"KillBoth","tick":"208","pairInteractionTick":"208 - KillBoth","sprite2":"bomb","sprite1":"base"},{"interaction":"KillSprite","tick":"215","pairInteractionTick":"215 - KillSprite","sprite2":"alienGreen","sprite1":"base"},{"interaction":"KillSprite","tick":"215","pairInteractionTick":"215 - KillSprite","sprite2":"alienGreen","sprite1":"base"},{"interaction":"KillBoth","tick":"217","pairInteractionTick":"217 - KillBoth","sprite2":"bomb","sprite1":"base"},{"interaction":"KillSprite","tick":"218","pairInteractionTick":"218 - KillSprite","sprite2":"alienGreen","sprite1":"base"},{"interaction":"KillSprite","tick":"218","pairInteractionTick":"218 - KillSprite","sprite2":"alienGreen","sprite1":"base"},{"interaction":"KillSprite","tick":"221","pairInteractionTick":"221 - KillSprite","sprite2":"alienGreen","sprite1":"base"},{"interaction":"KillBoth","tick":"267","pairInteractionTick":"267 - KillBoth","sprite2":"bomb","sprite1":"base"},{"interaction":"KillBoth","tick":"267","pairInteractionTick":"267 - KillBoth","sprite2":"bomb","sprite1":"base"},{"interaction":"KillBoth","tick":"267","pairInteractionTick":"267 - KillBoth","sprite2":"bomb","sprite1":"base"},{"interaction":"KillBoth","tick":"277","pairInteractionTick":"277 - KillBoth","sprite2":"bomb","sprite1":"base"},{"interaction":"KillBoth","tick":"298","pairInteractionTick":"298 - KillBoth","sprite2":"bomb","sprite1":"base"},{"interaction":"KillBoth","tick":"298","pairInteractionTick":"298 - KillBoth","sprite2":"bomb","sprite1":"base"},{"interaction":"KillBoth","tick":"346","pairInteractionTick":"346 - KillBoth","sprite2":"bomb","sprite1":"base"},{"interaction":"KillBoth","tick":"346","pairInteractionTick":"346 - KillBoth","sprite2":"bomb","sprite1":"base"},{"interaction":"KillBoth","tick":"366","pairInteractionTick":"366 - KillBoth","sprite2":"bomb","sprite1":"base"},{"interaction":"KillBoth","tick":"384","pairInteractionTick":"384 - KillBoth","sprite2":"bomb","sprite1":"base"},{"interaction":"KillBoth","tick":"444","pairInteractionTick":"444 - KillBoth","sprite2":"bomb","sprite1":"base"},{"interaction":"KillBoth","tick":"444","pairInteractionTick":"444 - KillBoth","sprite2":"bomb","sprite1":"base"},{"interaction":"KillSprite","tick":"458","pairInteractionTick":"458 - KillSprite","sprite2":"alienGreen","sprite1":"base"},{"interaction":"KillSprite","tick":"461","pairInteractionTick":"461 - KillSprite","sprite2":"alienGreen","sprite1":"base"},{"interaction":"KillBoth","tick":"474","pairInteractionTick":"474 - KillBoth","sprite2":"bomb","sprite1":"base"},{"interaction":"KillBoth","tick":"474","pairInteractionTick":"474 - KillBoth","sprite2":"bomb","sprite1":"base"},{"interaction":"KillBoth","tick":"477","pairInteractionTick":"477 - KillBoth","sprite2":"bomb","sprite1":"base"},{"interaction":"KillBoth","tick":"492","pairInteractionTick":"492 - KillBoth","sprite2":"bomb","sprite1":"base"},{"interaction":"KillBoth","tick":"492","pairInteractionTick":"492 - KillBoth","sprite2":"bomb","sprite1":"base"},{"interaction":"KillSprite","tick":"527","pairInteractionTick":"527 - KillSprite","sprite2":"alienGreen","sprite1":"base"},{"interaction":"KillSprite","tick":"530","pairInteractionTick":"530 - KillSprite","sprite2":"alienGreen","sprite1":"base"},{"interaction":"KillSprite","tick":"683","pairInteractionTick":"683 - KillSprite","sprite2":"alienGreen","sprite1":"avatar"}]