[{"interaction":"KillBoth","tick":"2","pairInteractionTick":"2 - KillBoth","sprite2":"sam","sprite1":"base"},{"interaction":"KillBoth","tick":"4","pairInteractionTick":"4 - KillBoth","sprite2":"sam","sprite1":"base"},{"interaction":"KillBoth","tick":"6","pairInteractionTick":"6 - KillBoth","sprite2":"sam","sprite1":"base"},{"interaction":"KillBoth","tick":"9","pairInteractionTick":"9 - KillBoth","sprite2":"sam","sprite1":"base"},{"interaction":"KillBoth","tick":"13","pairInteractionTick":"13 - KillBoth","sprite2":"sam","sprite1":"base"},{"interaction":"KillBoth","tick":"15","pairInteractionTick":"15 - KillBoth","sprite2":"sam","sprite1":"base"},{"interaction":"KillBoth","tick":"17","pairInteractionTick":"17 - KillBoth","sprite2":"sam","sprite1":"base"},{"interaction":"KillBoth","tick":"19","pairInteractionTick":"19 - KillBoth","sprite2":"sam","sprite1":"base"},{"interaction":"KillBoth","tick":"21","pairInteractionTick":"21 - KillBoth","sprite2":"sam","sprite1":"base"},{"interaction":"KillBoth","tick":"24","pairInteractionTick":"24 - KillBoth","sprite2":"sam","sprite1":"base"},{"interaction":"KillBoth","tick":"27","pairInteractionTick":"27 - KillBoth","sprite2":"sam","sprite1":"base"},{"interaction":"KillBoth","tick":"30","pairInteractionTick":"30 - KillBoth","sprite2":"sam","sprite1":"base"},{"interaction":"KillBoth","tick":"36","pairInteractionTick":"36 - KillBoth","sprite2":"sam","sprite1":"base"},{"interaction":"KillBoth","tick":"39","pairInteractionTick":"39 - KillBoth","sprite2":"sam","sprite1":"base"},{"interaction":"KillBoth","tick":"42","pairInteractionTick":"42 - KillBoth","sprite2":"sam","sprite1":"base"},{"interaction":"KillBoth","tick":"44","pairInteractionTick":"44 - KillBoth","sprite2":"sam","sprite1":"base"},{"interaction":"KillBoth","tick":"46","pairInteractionTick":"46 - KillBoth","sprite2":"sam","sprite1":"base"},{"interaction":"KillBoth","tick":"49","pairInteractionTick":"49 - KillBoth","sprite2":"sam","sprite1":"base"},{"interaction":"KillBoth","tick":"54","pairInteractionTick":"54 - KillBoth","sprite2":"sam","sprite1":"base"},{"interaction":"KillBoth","tick":"57","pairInteractionTick":"57 - KillBoth","sprite2":"sam","sprite1":"base"},{"interaction":"KillBoth","tick":"60","pairInteractionTick":"60 - KillBoth","sprite2":"sam","sprite1":"base"},{"interaction":"KillBoth","tick":"62","pairInteractionTick":"62 - KillBoth","sprite2":"sam","sprite1":"base"},{"interaction":"KillBoth","tick":"65","pairInteractionTick":"65 - KillBoth","sprite2":"sam","sprite1":"base"},{"interaction":"KillBoth","tick":"75","pairInteractionTick":"75 - KillBoth","sprite2":"sam","sprite1":"base"},{"interaction":"KillBoth","tick":"78","pairInteractionTick":"78 - KillBoth","sprite2":"sam","sprite1":"base"},{"interaction":"KillBoth","tick":"81","pairInteractionTick":"81 - KillBoth","sprite2":"sam","sprite1":"base"},{"interaction":"KillBoth","tick":"88","pairInteractionTick":"88 - KillBoth","sprite2":"sam","sprite1":"base"},{"interaction":"KillBoth","tick":"91","pairInteractionTick":"91 - KillBoth","sprite2":"sam","sprite1":"base"},{"interaction":"KillBoth","tick":"95","pairInteractionTick":"95 - KillBoth","sprite2":"sam","sprite1":"base"},{"interaction":"KillBoth","tick":"99","pairInteractionTick":"99 - KillBoth","sprite2":"sam","sprite1":"base"},{"interaction":"KillBoth","tick":"106","pairInteractionTick":"106 - KillBoth","sprite2":"sam","sprite1":"base"},{"interaction":"KillBoth","tick":"109","pairInteractionTick":"109 - KillBoth","sprite2":"sam","sprite1":"base"},{"interaction":"KillBoth","tick":"113","pairInteractionTick":"113 - KillBoth","sprite2":"sam","sprite1":"base"},{"interaction":"KillBoth","tick":"115","pairInteractionTick":"115 - KillBoth","sprite2":"bomb","sprite1":"base"},{"interaction":"KillSprite","tick":"124","pairInteractionTick":"124 - KillSprite","sprite2":"sam","sprite1":"alienGreen"},{"interaction":"KillBoth","tick":"134","pairInteractionTick":"134 - KillBoth","sprite2":"sam","sprite1":"base"},{"interaction":"KillBoth","tick":"138","pairInteractionTick":"138 - KillBoth","sprite2":"sam","sprite1":"base"},{"interaction":"KillBoth","tick":"146","pairInteractionTick":"146 - KillBoth","sprite2":"sam","sprite1":"base"},{"interaction":"KillBoth","tick":"150","pairInteractionTick":"150 - KillBoth","sprite2":"sam","sprite1":"base"},{"interaction":"KillBoth","tick":"163","pairInteractionTick":"163 - KillBoth","sprite2":"sam","sprite1":"base"},{"interaction":"KillBoth","tick":"167","pairInteractionTick":"167 - KillBoth","sprite2":"sam","sprite1":"base"},{"interaction":"KillBoth","tick":"177","pairInteractionTick":"177 - KillBoth","sprite2":"sam","sprite1":"base"},{"interaction":"KillBoth","tick":"188","pairInteractionTick":"188 - KillBoth","sprite2":"sam","sprite1":"base"},{"interaction":"KillBoth","tick":"192","pairInteractionTick":"192 - KillBoth","sprite2":"sam","sprite1":"base"},{"interaction":"KillSprite","tick":"202","pairInteractionTick":"202 - KillSprite","sprite2":"sam","sprite1":"alienGreen"},{"interaction":"KillSprite","tick":"204","pairInteractionTick":"204 - KillSprite","sprite2":"sam","sprite1":"alienGreen"},{"interaction":"KillSprite","tick":"215","pairInteractionTick":"215 - KillSprite","sprite2":"alienGreen","sprite1":"base"},{"interaction":"KillSprite","tick":"215","pairInteractionTick":"215 - KillSprite","sprite2":"alienGreen","sprite1":"base"},{"interaction":"KillSprite","tick":"218","pairInteractionTick":"218 - KillSprite","sprite2":"alienGreen","sprite1":"base"},{"interaction":"KillSprite","tick":"218","pairInteractionTick":"218 - KillSprite","sprite2":"alienGreen","sprite1":"base"},{"interaction":"KillSprite","tick":"270","pairInteractionTick":"270 - KillSprite","sprite2":"sam","sprite1":"alienGreen"},{"interaction":"KillSprite","tick":"284","pairInteractionTick":"284 - KillSprite","sprite2":"sam","sprite1":"alienGreen"},{"interaction":"KillSprite","tick":"296","pairInteractionTick":"296 - KillSprite","sprite2":"sam","sprite1":"alienGreen"},{"interaction":"KillSprite","tick":"299","pairInteractionTick":"299 - KillSprite","sprite2":"sam","sprite1":"alienGreen"},{"interaction":"KillSprite","tick":"320","pairInteractionTick":"320 - KillSprite","sprite2":"sam","sprite1":"alienGreen"},{"interaction":"KillSprite","tick":"323","pairInteractionTick":"323 - KillSprite","sprite2":"sam","sprite1":"alienGreen"},{"interaction":"KillSprite","tick":"332","pairInteractionTick":"332 - KillSprite","sprite2":"sam","sprite1":"alienGreen"},{"interaction":"KillSprite","tick":"335","pairInteractionTick":"335 - KillSprite","sprite2":"sam","sprite1":"alienGreen"},{"interaction":"KillSprite","tick":"343","pairInteractionTick":"343 - KillSprite","sprite2":"sam","sprite1":"alienGreen"},{"interaction":"KillSprite","tick":"346","pairInteractionTick":"346 - KillSprite","sprite2":"sam","sprite1":"alienGreen"},{"interaction":"KillSprite","tick":"356","pairInteractionTick":"356 - KillSprite","sprite2":"sam","sprite1":"alienGreen"},{"interaction":"KillSprite","tick":"358","pairInteractionTick":"358 - KillSprite","sprite2":"sam","sprite1":"alienGreen"},{"interaction":"KillSprite","tick":"369","pairInteractionTick":"369 - KillSprite","sprite2":"sam","sprite1":"alienGreen"},{"interaction":"KillSprite","tick":"412","pairInteractionTick":"412 - KillSprite","sprite2":"sam","sprite1":"alienGreen"},{"interaction":"KillSprite","tick":"434","pairInteractionTick":"434 - KillSprite","sprite2":"sam","sprite1":"alienGreen"},{"interaction":"KillSprite","tick":"447","pairInteractionTick":"447 - KillSprite","sprite2":"sam","sprite1":"alienGreen"},{"interaction":"KillSprite","tick":"477","pairInteractionTick":"477 - KillSprite","sprite2":"sam","sprite1":"alienGreen"}]