[{"interaction":"KillBoth","tick":"3","pairInteractionTick":"3 - KillBoth","sprite2":"sam","sprite1":"base"},{"interaction":"KillBoth","tick":"7","pairInteractionTick":"7 - KillBoth","sprite2":"sam","sprite1":"base"},{"interaction":"KillBoth","tick":"11","pairInteractionTick":"11 - KillBoth","sprite2":"sam","sprite1":"base"},{"interaction":"KillBoth","tick":"15","pairInteractionTick":"15 - KillBoth","sprite2":"sam","sprite1":"base"},{"interaction":"KillBoth","tick":"19","pairInteractionTick":"19 - KillBoth","sprite2":"sam","sprite1":"base"},{"interaction":"KillBoth","tick":"23","pairInteractionTick":"23 - KillBoth","sprite2":"sam","sprite1":"base"},{"interaction":"KillBoth","tick":"27","pairInteractionTick":"27 - KillBoth","sprite2":"sam","sprite1":"base"},{"interaction":"KillBoth","tick":"31","pairInteractionTick":"31 - KillBoth","sprite2":"sam","sprite1":"base"},{"interaction":"KillBoth","tick":"35","pairInteractionTick":"35 - KillBoth","sprite2":"sam","sprite1":"base"},{"interaction":"KillBoth","tick":"39","pairInteractionTick":"39 - KillBoth","sprite2":"sam","sprite1":"base"},{"interaction":"KillBoth","tick":"43","pairInteractionTick":"43 - KillBoth","sprite2":"sam","sprite1":"base"},{"interaction":"KillBoth","tick":"47","pairInteractionTick":"47 - KillBoth","sprite2":"sam","sprite1":"base"},{"interaction":"KillBoth","tick":"51","pairInteractionTick":"51 - KillBoth","sprite2":"sam","sprite1":"base"},{"interaction":"KillBoth","tick":"55","pairInteractionTick":"55 - KillBoth","sprite2":"sam","sprite1":"base"},{"interaction":"KillBoth","tick":"59","pairInteractionTick":"59 - KillBoth","sprite2":"sam","sprite1":"base"},{"interaction":"KillBoth","tick":"63","pairInteractionTick":"63 - KillBoth","sprite2":"sam","sprite1":"base"},{"interaction":"KillBoth","tick":"67","pairInteractionTick":"67 - KillBoth","sprite2":"sam","sprite1":"base"},{"interaction":"KillBoth","tick":"70","pairInteractionTick":"70 - KillBoth","sprite2":"bomb","sprite1":"base"},{"interaction":"KillBoth","tick":"71","pairInteractionTick":"71 - KillBoth","sprite2":"sam","sprite1":"base"},{"interaction":"KillBoth","tick":"75","pairInteractionTick":"75 - KillBoth","sprite2":"sam","sprite1":"base"},{"interaction":"KillBoth","tick":"79","pairInteractionTick":"79 - KillBoth","sprite2":"sam","sprite1":"base"},{"interaction":"KillBoth","tick":"83","pairInteractionTick":"83 - KillBoth","sprite2":"sam","sprite1":"base"},{"interaction":"KillBoth","tick":"87","pairInteractionTick":"87 - KillBoth","sprite2":"sam","sprite1":"base"},{"interaction":"KillBoth","tick":"91","pairInteractionTick":"91 - KillBoth","sprite2":"sam","sprite1":"base"},{"interaction":"KillBoth","tick":"101","pairInteractionTick":"101 - KillBoth","sprite2":"sam","sprite1":"base"},{"interaction":"KillBoth","tick":"105","pairInteractionTick":"105 - KillBoth","sprite2":"sam","sprite1":"base"},{"interaction":"KillBoth","tick":"112","pairInteractionTick":"112 - KillBoth","sprite2":"sam","sprite1":"base"},{"interaction":"KillBoth","tick":"115","pairInteractionTick":"115 - KillBoth","sprite2":"bomb","sprite1":"base"},{"interaction":"KillBoth","tick":"121","pairInteractionTick":"121 - KillBoth","sprite2":"sam","sprite1":"base"},{"interaction":"KillBoth","tick":"125","pairInteractionTick":"125 - KillBoth","sprite2":"sam","sprite1":"base"},{"interaction":"KillSprite","tick":"146","pairInteractionTick":"146 - KillSprite","sprite2":"sam","sprite1":"alienGreen"},{"interaction":"KillBoth","tick":"171","pairInteractionTick":"171 - KillBoth","sprite2":"sam","sprite1":"base"},{"interaction":"KillSprite","tick":"208","pairInteractionTick":"208 - KillSprite","sprite2":"sam","sprite1":"alienGreen"},{"interaction":"KillSprite","tick":"215","pairInteractionTick":"215 - KillSprite","sprite2":"alienGreen","sprite1":"base"},{"interaction":"KillSprite","tick":"215","pairInteractionTick":"215 - KillSprite","sprite2":"alienGreen","sprite1":"base"},{"interaction":"KillSprite","tick":"218","pairInteractionTick":"218 - KillSprite","sprite2":"alienGreen","sprite1":"base"},{"interaction":"KillSprite","tick":"218","pairInteractionTick":"218 - KillSprite","sprite2":"alienGreen","sprite1":"base"},{"interaction":"KillSprite","tick":"221","pairInteractionTick":"221 - KillSprite","sprite2":"alienGreen","sprite1":"base"},{"interaction":"KillSprite","tick":"226","pairInteractionTick":"226 - KillSprite","sprite2":"sam","sprite1":"alienGreen"},{"interaction":"KillSprite","tick":"228","pairInteractionTick":"228 - KillSprite","sprite2":"sam","sprite1":"alienGreen"},{"interaction":"KillSprite","tick":"238","pairInteractionTick":"238 - KillSprite","sprite2":"sam","sprite1":"alienGreen"},{"interaction":"KillSprite","tick":"240","pairInteractionTick":"240 - KillSprite","sprite2":"sam","sprite1":"alienGreen"},{"interaction":"KillSprite","tick":"279","pairInteractionTick":"279 - KillSprite","sprite2":"sam","sprite1":"alienGreen"},{"interaction":"KillSprite","tick":"294","pairInteractionTick":"294 - KillSprite","sprite2":"sam","sprite1":"alienGreen"},{"interaction":"KillSprite","tick":"296","pairInteractionTick":"296 - KillSprite","sprite2":"sam","sprite1":"alienGreen"},{"interaction":"KillSprite","tick":"311","pairInteractionTick":"311 - KillSprite","sprite2":"sam","sprite1":"alienGreen"},{"interaction":"KillSprite","tick":"322","pairInteractionTick":"322 - KillSprite","sprite2":"sam","sprite1":"alienGreen"},{"interaction":"KillSprite","tick":"324","pairInteractionTick":"324 - KillSprite","sprite2":"sam","sprite1":"alienGreen"},{"interaction":"KillSprite","tick":"335","pairInteractionTick":"335 - KillSprite","sprite2":"sam","sprite1":"alienGreen"},{"interaction":"KillSprite","tick":"371","pairInteractionTick":"371 - KillSprite","sprite2":"sam","sprite1":"alienGreen"},{"interaction":"KillSprite","tick":"383","pairInteractionTick":"383 - KillSprite","sprite2":"sam","sprite1":"alienGreen"},{"interaction":"KillSprite","tick":"401","pairInteractionTick":"401 - KillSprite","sprite2":"sam","sprite1":"alienGreen"},{"interaction":"KillSprite","tick":"435","pairInteractionTick":"435 - KillSprite","sprite2":"sam","sprite1":"alienGreen"},{"interaction":"KillSprite","tick":"449","pairInteractionTick":"449 - KillSprite","sprite2":"sam","sprite1":"alienGreen"},{"interaction":"KillSprite","tick":"471","pairInteractionTick":"471 - KillSprite","sprite2":"sam","sprite1":"alienGreen"},{"interaction":"KillSprite","tick":"558","pairInteractionTick":"558 - KillSprite","sprite2":"sam","sprite1":"alienGreen"}]