[{"interaction":"KillBoth","tick":"2","pairInteractionTick":"2 - KillBoth","sprite2":"sam","sprite1":"base"},{"interaction":"KillBoth","tick":"4","pairInteractionTick":"4 - KillBoth","sprite2":"sam","sprite1":"base"},{"interaction":"KillBoth","tick":"6","pairInteractionTick":"6 - KillBoth","sprite2":"sam","sprite1":"base"},{"interaction":"KillBoth","tick":"9","pairInteractionTick":"9 - KillBoth","sprite2":"sam","sprite1":"base"},{"interaction":"KillBoth","tick":"14","pairInteractionTick":"14 - KillBoth","sprite2":"sam","sprite1":"base"},{"interaction":"KillBoth","tick":"16","pairInteractionTick":"16 - KillBoth","sprite2":"sam","sprite1":"base"},{"interaction":"KillBoth","tick":"18","pairInteractionTick":"18 - KillBoth","sprite2":"sam","sprite1":"base"},{"interaction":"KillBoth","tick":"20","pairInteractionTick":"20 - KillBoth","sprite2":"sam","sprite1":"base"},{"interaction":"KillBoth","tick":"22","pairInteractionTick":"22 - KillBoth","sprite2":"sam","sprite1":"base"},{"interaction":"KillBoth","tick":"25","pairInteractionTick":"25 - KillBoth","sprite2":"sam","sprite1":"base"},{"interaction":"KillBoth","tick":"28","pairInteractionTick":"28 - KillBoth","sprite2":"sam","sprite1":"base"},{"interaction":"KillBoth","tick":"31","pairInteractionTick":"31 - KillBoth","sprite2":"sam","sprite1":"base"},{"interaction":"KillBoth","tick":"34","pairInteractionTick":"34 - KillBoth","sprite2":"sam","sprite1":"base"},{"interaction":"KillBoth","tick":"41","pairInteractionTick":"41 - KillBoth","sprite2":"sam","sprite1":"base"},{"interaction":"KillBoth","tick":"45","pairInteractionTick":"45 - KillBoth","sprite2":"sam","sprite1":"base"},{"interaction":"KillBoth","tick":"47","pairInteractionTick":"47 - KillBoth","sprite2":"sam","sprite1":"base"},{"interaction":"KillBoth","tick":"49","pairInteractionTick":"49 - KillBoth","sprite2":"sam","sprite1":"base"},{"interaction":"KillBoth","tick":"52","pairInteractionTick":"52 - KillBoth","sprite2":"sam","sprite1":"base"},{"interaction":"KillBoth","tick":"55","pairInteractionTick":"55 - KillBoth","sprite2":"sam","sprite1":"base"},{"interaction":"KillBoth","tick":"58","pairInteractionTick":"58 - KillBoth","sprite2":"sam","sprite1":"base"},{"interaction":"KillBoth","tick":"63","pairInteractionTick":"63 - KillBoth","sprite2":"sam","sprite1":"base"},{"interaction":"KillBoth","tick":"70","pairInteractionTick":"70 - KillBoth","sprite2":"sam","sprite1":"base"},{"interaction":"KillBoth","tick":"73","pairInteractionTick":"73 - KillBoth","sprite2":"sam","sprite1":"base"},{"interaction":"KillBoth","tick":"95","pairInteractionTick":"95 - KillBoth","sprite2":"sam","sprite1":"base"},{"interaction":"KillBoth","tick":"106","pairInteractionTick":"106 - KillBoth","sprite2":"sam","sprite1":"base"},{"interaction":"KillBoth","tick":"109","pairInteractionTick":"109 - KillBoth","sprite2":"sam","sprite1":"base"},{"interaction":"KillBoth","tick":"112","pairInteractionTick":"112 - KillBoth","sprite2":"sam","sprite1":"base"},{"interaction":"KillBoth","tick":"114","pairInteractionTick":"114 - KillBoth","sprite2":"sam","sprite1":"base"},{"interaction":"KillBoth","tick":"117","pairInteractionTick":"117 - KillBoth","sprite2":"sam","sprite1":"base"},{"interaction":"KillBoth","tick":"120","pairInteractionTick":"120 - KillBoth","sprite2":"sam","sprite1":"base"},{"interaction":"KillBoth","tick":"130","pairInteractionTick":"130 - KillBoth","sprite2":"sam","sprite1":"base"},{"interaction":"KillBoth","tick":"133","pairInteractionTick":"133 - KillBoth","sprite2":"sam","sprite1":"base"},{"interaction":"KillBoth","tick":"141","pairInteractionTick":"141 - KillBoth","sprite2":"sam","sprite1":"base"},{"interaction":"KillBoth","tick":"152","pairInteractionTick":"152 - KillBoth","sprite2":"sam","sprite1":"base"},{"interaction":"KillSprite","tick":"165","pairInteractionTick":"165 - KillSprite","sprite2":"sam","sprite1":"alienBlue"},{"interaction":"KillBoth","tick":"185","pairInteractionTick":"185 - KillBoth","sprite2":"sam","sprite1":"base"},{"interaction":"KillBoth","tick":"202","pairInteractionTick":"202 - KillBoth","sprite2":"sam","sprite1":"base"},{"interaction":"KillBoth","tick":"208","pairInteractionTick":"208 - KillBoth","sprite2":"sam","sprite1":"base"},{"interaction":"KillBoth","tick":"212","pairInteractionTick":"212 - KillBoth","sprite2":"bomb","sprite1":"base"},{"interaction":"KillSprite","tick":"215","pairInteractionTick":"215 - KillSprite","sprite2":"alienBlue","sprite1":"base"},{"interaction":"KillSprite","tick":"215","pairInteractionTick":"215 - KillSprite","sprite2":"alienBlue","sprite1":"base"},{"interaction":"KillSprite","tick":"218","pairInteractionTick":"218 - KillSprite","sprite2":"alienBlue","sprite1":"base"},{"interaction":"KillSprite","tick":"218","pairInteractionTick":"218 - KillSprite","sprite2":"alienBlue","sprite1":"base"},{"interaction":"KillBoth","tick":"220","pairInteractionTick":"220 - KillBoth","sprite2":"bomb","sprite1":"base"},{"interaction":"KillBoth","tick":"226","pairInteractionTick":"226 - KillBoth","sprite2":"bomb","sprite1":"base"},{"interaction":"KillBoth","tick":"226","pairInteractionTick":"226 - KillBoth","sprite2":"bomb","sprite1":"base"},{"interaction":"KillSprite","tick":"240","pairInteractionTick":"240 - KillSprite","sprite2":"sam","sprite1":"alienBlue"},{"interaction":"KillBoth","tick":"248","pairInteractionTick":"248 - KillBoth","sprite2":"sam","sprite1":"base"},{"interaction":"KillSprite","tick":"260","pairInteractionTick":"260 - KillSprite","sprite2":"sam","sprite1":"alienBlue"},{"interaction":"KillSprite","tick":"279","pairInteractionTick":"279 - KillSprite","sprite2":"sam","sprite1":"alienBlue"},{"interaction":"KillBoth","tick":"296","pairInteractionTick":"296 - KillBoth","sprite2":"sam","sprite1":"base"},{"interaction":"KillSprite","tick":"307","pairInteractionTick":"307 - KillSprite","sprite2":"sam","sprite1":"alienBlue"},{"interaction":"KillSprite","tick":"318","pairInteractionTick":"318 - KillSprite","sprite2":"sam","sprite1":"alienBlue"},{"interaction":"KillSprite","tick":"332","pairInteractionTick":"332 - KillSprite","sprite2":"sam","sprite1":"alienBlue"},{"interaction":"KillSprite","tick":"348","pairInteractionTick":"348 - KillSprite","sprite2":"sam","sprite1":"alienBlue"},{"interaction":"KillSprite","tick":"382","pairInteractionTick":"382 - KillSprite","sprite2":"sam","sprite1":"alienBlue"},{"interaction":"KillSprite","tick":"393","pairInteractionTick":"393 - KillSprite","sprite2":"sam","sprite1":"alienBlue"},{"interaction":"KillSprite","tick":"395","pairInteractionTick":"395 - KillSprite","sprite2":"sam","sprite1":"alienBlue"},{"interaction":"KillSprite","tick":"405","pairInteractionTick":"405 - KillSprite","sprite2":"sam","sprite1":"alienBlue"},{"interaction":"KillSprite","tick":"426","pairInteractionTick":"426 - KillSprite","sprite2":"sam","sprite1":"alienBlue"},{"interaction":"KillSprite","tick":"428","pairInteractionTick":"428 - KillSprite","sprite2":"sam","sprite1":"alienBlue"},{"interaction":"KillSprite","tick":"441","pairInteractionTick":"441 - KillSprite","sprite2":"sam","sprite1":"alienBlue"},{"interaction":"KillSprite","tick":"467","pairInteractionTick":"467 - KillSprite","sprite2":"sam","sprite1":"alienBlue"},{"interaction":"KillSprite","tick":"487","pairInteractionTick":"487 - KillSprite","sprite2":"sam","sprite1":"alienBlue"},{"interaction":"KillSprite","tick":"548","pairInteractionTick":"548 - KillSprite","sprite2":"sam","sprite1":"alienBlue"},{"interaction":"KillSprite","tick":"574","pairInteractionTick":"574 - KillSprite","sprite2":"sam","sprite1":"alienBlue"},{"interaction":"KillSprite","tick":"614","pairInteractionTick":"614 - KillSprite","sprite2":"sam","sprite1":"alienBlue"}]