[{"interaction":"KillBoth","tick":"72","pairInteractionTick":"72 - KillBoth","sprite2":"bomb","sprite1":"base"},{"interaction":"KillBoth","tick":"115","pairInteractionTick":"115 - KillBoth","sprite2":"bomb","sprite1":"base"},{"interaction":"KillBoth","tick":"115","pairInteractionTick":"115 - KillBoth","sprite2":"bomb","sprite1":"base"},{"interaction":"KillBoth","tick":"191","pairInteractionTick":"191 - KillBoth","sprite2":"bomb","sprite1":"base"},{"interaction":"KillBoth","tick":"191","pairInteractionTick":"191 - KillBoth","sprite2":"bomb","sprite1":"base"},{"interaction":"KillBoth","tick":"202","pairInteractionTick":"202 - KillBoth","sprite2":"bomb","sprite1":"base"},{"interaction":"KillBoth","tick":"202","pairInteractionTick":"202 - KillBoth","sprite2":"bomb","sprite1":"base"},{"interaction":"KillBoth","tick":"208","pairInteractionTick":"208 - KillBoth","sprite2":"bomb","sprite1":"base"},{"interaction":"KillBoth","tick":"208","pairInteractionTick":"208 - KillBoth","sprite2":"bomb","sprite1":"base"},{"interaction":"KillSprite","tick":"215","pairInteractionTick":"215 - KillSprite","sprite2":"alienGreen","sprite1":"base"},{"interaction":"KillSprite","tick":"215","pairInteractionTick":"215 - KillSprite","sprite2":"alienGreen","sprite1":"base"},{"interaction":"KillBoth","tick":"217","pairInteractionTick":"217 - KillBoth","sprite2":"bomb","sprite1":"base"},{"interaction":"KillSprite","tick":"218","pairInteractionTick":"218 - KillSprite","sprite2":"alienGreen","sprite1":"base"},{"interaction":"KillSprite","tick":"218","pairInteractionTick":"218 - KillSprite","sprite2":"alienGreen","sprite1":"base"},{"interaction":"KillSprite","tick":"221","pairInteractionTick":"221 - KillSprite","sprite2":"alienGreen","sprite1":"base"},{"interaction":"KillBoth","tick":"257","pairInteractionTick":"257 - KillBoth","sprite2":"bomb","sprite1":"base"},{"interaction":"KillBoth","tick":"257","pairInteractionTick":"257 - KillBoth","sprite2":"bomb","sprite1":"base"},{"interaction":"KillBoth","tick":"267","pairInteractionTick":"267 - KillBoth","sprite2":"bomb","sprite1":"base"},{"interaction":"KillBoth","tick":"267","pairInteractionTick":"267 - KillBoth","sprite2":"bomb","sprite1":"base"},{"interaction":"KillBoth","tick":"277","pairInteractionTick":"277 - KillBoth","sprite2":"bomb","sprite1":"base"},{"interaction":"KillBoth","tick":"298","pairInteractionTick":"298 - KillBoth","sprite2":"bomb","sprite1":"base"},{"interaction":"KillBoth","tick":"298","pairInteractionTick":"298 - KillBoth","sprite2":"bomb","sprite1":"base"},{"interaction":"KillBoth","tick":"302","pairInteractionTick":"302 - KillBoth","sprite2":"bomb","sprite1":"base"},{"interaction":"KillBoth","tick":"302","pairInteractionTick":"302 - KillBoth","sprite2":"bomb","sprite1":"base"},{"interaction":"KillBoth","tick":"303","pairInteractionTick":"303 - KillBoth","sprite2":"bomb","sprite1":"base"},{"interaction":"KillBoth","tick":"305","pairInteractionTick":"305 - KillBoth","sprite2":"bomb","sprite1":"base"},{"interaction":"KillBoth","tick":"348","pairInteractionTick":"348 - KillBoth","sprite2":"bomb","sprite1":"base"},{"interaction":"KillSprite","tick":"399","pairInteractionTick":"399 - KillSprite","sprite2":"bomb","sprite1":"avatar"}]