[{"interaction":"KillBoth","tick":"2","pairInteractionTick":"2 - KillBoth","sprite2":"sam","sprite1":"base"},{"interaction":"KillBoth","tick":"20","pairInteractionTick":"20 - KillBoth","sprite2":"sam","sprite1":"base"},{"interaction":"KillBoth","tick":"30","pairInteractionTick":"30 - KillBoth","sprite2":"sam","sprite1":"base"},{"interaction":"KillBoth","tick":"37","pairInteractionTick":"37 - KillBoth","sprite2":"sam","sprite1":"base"},{"interaction":"KillBoth","tick":"42","pairInteractionTick":"42 - KillBoth","sprite2":"sam","sprite1":"base"},{"interaction":"KillBoth","tick":"49","pairInteractionTick":"49 - KillBoth","sprite2":"sam","sprite1":"base"},{"interaction":"KillBoth","tick":"51","pairInteractionTick":"51 - KillBoth","sprite2":"sam","sprite1":"base"},{"interaction":"KillBoth","tick":"63","pairInteractionTick":"63 - KillBoth","sprite2":"bomb","sprite1":"base"},{"interaction":"KillBoth","tick":"63","pairInteractionTick":"63 - KillBoth","sprite2":"bomb","sprite1":"base"},{"interaction":"KillBoth","tick":"65","pairInteractionTick":"65 - KillBoth","sprite2":"sam","sprite1":"base"},{"interaction":"KillBoth","tick":"68","pairInteractionTick":"68 - KillBoth","sprite2":"sam","sprite1":"base"},{"interaction":"KillBoth","tick":"73","pairInteractionTick":"73 - KillBoth","sprite2":"sam","sprite1":"base"},{"interaction":"KillBoth","tick":"76","pairInteractionTick":"76 - KillBoth","sprite2":"sam","sprite1":"base"},{"interaction":"KillSprite","tick":"89","pairInteractionTick":"89 - KillSprite","sprite2":"sam","sprite1":"alienBlue"},{"interaction":"KillBoth","tick":"93","pairInteractionTick":"93 - KillBoth","sprite2":"sam","sprite1":"base"},{"interaction":"KillSprite","tick":"124","pairInteractionTick":"124 - KillSprite","sprite2":"sam","sprite1":"alienBlue"},{"interaction":"KillBoth","tick":"133","pairInteractionTick":"133 - KillBoth","sprite2":"sam","sprite1":"base"},{"interaction":"KillBoth","tick":"152","pairInteractionTick":"152 - KillBoth","sprite2":"sam","sprite1":"base"},{"interaction":"KillBoth","tick":"155","pairInteractionTick":"155 - KillBoth","sprite2":"sam","sprite1":"base"},{"interaction":"KillBoth","tick":"163","pairInteractionTick":"163 - KillBoth","sprite2":"sam","sprite1":"base"},{"interaction":"KillBoth","tick":"171","pairInteractionTick":"171 - KillBoth","sprite2":"sam","sprite1":"base"},{"interaction":"KillBoth","tick":"199","pairInteractionTick":"199 - KillBoth","sprite2":"bomb","sprite1":"base"},{"interaction":"KillBoth","tick":"199","pairInteractionTick":"199 - KillBoth","sprite2":"bomb","sprite1":"base"},{"interaction":"KillBoth","tick":"201","pairInteractionTick":"201 - KillBoth","sprite2":"sam","sprite1":"base"},{"interaction":"KillBoth","tick":"211","pairInteractionTick":"211 - KillBoth","sprite2":"sam","sprite1":"base"},{"interaction":"KillBoth","tick":"222","pairInteractionTick":"222 - KillBoth","sprite2":"sam","sprite1":"base"},{"interaction":"KillBoth","tick":"223","pairInteractionTick":"223 - KillBoth","sprite2":"bomb","sprite1":"base"},{"interaction":"KillBoth","tick":"232","pairInteractionTick":"232 - KillBoth","sprite2":"bomb","sprite1":"base"},{"interaction":"KillSprite","tick":"247","pairInteractionTick":"247 - KillSprite","sprite2":"alienBlue","sprite1":"base"},{"interaction":"KillSprite","tick":"247","pairInteractionTick":"247 - KillSprite","sprite2":"alienBlue","sprite1":"base"},{"interaction":"KillBoth","tick":"249","pairInteractionTick":"249 - KillBoth","sprite2":"sam","sprite1":"base"},{"interaction":"KillBoth","tick":"252","pairInteractionTick":"252 - KillBoth","sprite2":"sam","sprite1":"base"},{"interaction":"KillBoth","tick":"253","pairInteractionTick":"253 - KillBoth","sprite2":"bomb","sprite1":"base"},{"interaction":"KillSprite","tick":"262","pairInteractionTick":"262 - KillSprite","sprite2":"sam","sprite1":"alienBlue"},{"interaction":"KillSprite","tick":"280","pairInteractionTick":"280 - KillSprite","sprite2":"sam","sprite1":"alienBlue"},{"interaction":"KillSprite","tick":"282","pairInteractionTick":"282 - KillSprite","sprite2":"sam","sprite1":"alienBlue"},{"interaction":"KillBoth","tick":"301","pairInteractionTick":"301 - KillBoth","sprite2":"bomb","sprite1":"base"},{"interaction":"KillBoth","tick":"318","pairInteractionTick":"318 - KillBoth","sprite2":"sam","sprite1":"base"},{"interaction":"KillBoth","tick":"325","pairInteractionTick":"325 - KillBoth","sprite2":"bomb","sprite1":"base"},{"interaction":"KillSprite","tick":"327","pairInteractionTick":"327 - KillSprite","sprite2":"sam","sprite1":"alienBlue"},{"interaction":"KillSprite","tick":"330","pairInteractionTick":"330 - KillSprite","sprite2":"sam","sprite1":"alienBlue"},{"interaction":"KillSprite","tick":"331","pairInteractionTick":"331 - KillSprite","sprite2":"alienBlue","sprite1":"base"},{"interaction":"KillSprite","tick":"333","pairInteractionTick":"333 - KillSprite","sprite2":"bomb","sprite1":"avatar"}]