[{"interaction":"KillSprite","tick":"86","pairInteractionTick":"86 - KillSprite","sprite2":"sam","sprite1":"alienGreen"},{"interaction":"KillSprite","tick":"112","pairInteractionTick":"112 - KillSprite","sprite2":"sam","sprite1":"alienGreen"},{"interaction":"KillBoth","tick":"123","pairInteractionTick":"123 - KillBoth","sprite2":"sam","sprite1":"base"},{"interaction":"KillSprite","tick":"140","pairInteractionTick":"140 - KillSprite","sprite2":"sam","sprite1":"alienGreen"},{"interaction":"KillBoth","tick":"151","pairInteractionTick":"151 - KillBoth","sprite2":"sam","sprite1":"base"},{"interaction":"KillBoth","tick":"162","pairInteractionTick":"162 - KillBoth","sprite2":"sam","sprite1":"base"},{"interaction":"KillBoth","tick":"211","pairInteractionTick":"211 - KillBoth","sprite2":"bomb","sprite1":"base"},{"interaction":"KillBoth","tick":"211","pairInteractionTick":"211 - KillBoth","sprite2":"bomb","sprite1":"base"},{"interaction":"KillBoth","tick":"213","pairInteractionTick":"213 - KillBoth","sprite2":"sam","sprite1":"base"},{"interaction":"KillSprite","tick":"263","pairInteractionTick":"263 - KillSprite","sprite2":"sam","sprite1":"alienGreen"},{"interaction":"KillSprite","tick":"265","pairInteractionTick":"265 - KillSprite","sprite2":"sam","sprite1":"alienGreen"},{"interaction":"KillSprite","tick":"282","pairInteractionTick":"282 - KillSprite","sprite2":"sam","sprite1":"alienGreen"},{"interaction":"KillSprite","tick":"284","pairInteractionTick":"284 - KillSprite","sprite2":"sam","sprite1":"alienGreen"},{"interaction":"KillSprite","tick":"294","pairInteractionTick":"294 - KillSprite","sprite2":"sam","sprite1":"alienGreen"},{"interaction":"KillSprite","tick":"309","pairInteractionTick":"309 - KillSprite","sprite2":"sam","sprite1":"alienGreen"},{"interaction":"KillSprite","tick":"311","pairInteractionTick":"311 - KillSprite","sprite2":"sam","sprite1":"alienGreen"},{"interaction":"KillSprite","tick":"344","pairInteractionTick":"344 - KillSprite","sprite2":"sam","sprite1":"alienGreen"},{"interaction":"KillSprite","tick":"384","pairInteractionTick":"384 - KillSprite","sprite2":"sam","sprite1":"alienGreen"},{"interaction":"KillSprite","tick":"420","pairInteractionTick":"420 - KillSprite","sprite2":"sam","sprite1":"alienGreen"},{"interaction":"KillSprite","tick":"562","pairInteractionTick":"562 - KillSprite","sprite2":"sam","sprite1":"alienGreen"},{"interaction":"KillSprite","tick":"610","pairInteractionTick":"610 - KillSprite","sprite2":"sam","sprite1":"alienGreen"},{"interaction":"KillSprite","tick":"622","pairInteractionTick":"622 - KillSprite","sprite2":"sam","sprite1":"alienGreen"},{"interaction":"KillSprite","tick":"660","pairInteractionTick":"660 - KillSprite","sprite2":"sam","sprite1":"alienGreen"},{"interaction":"KillSprite","tick":"683","pairInteractionTick":"683 - KillSprite","sprite2":"sam","sprite1":"alienGreen"},{"interaction":"KillSprite","tick":"817","pairInteractionTick":"817 - KillSprite","sprite2":"sam","sprite1":"alienGreen"},{"interaction":"KillSprite","tick":"863","pairInteractionTick":"863 - KillSprite","sprite2":"alienGreen","sprite1":"avatar"}]