[{"interaction":"KillSprite","tick":"5","pairInteractionTick":"5 - KillSprite","sprite2":"sword","sprite1":"monsterNormal"},{"interaction":"StepBack","tick":"6","pairInteractionTick":"6 - StepBack","sprite2":"wall","sprite1":"monsterQuick"},{"interaction":"StepBack","tick":"8","pairInteractionTick":"8 - StepBack","sprite2":"wall","sprite1":"monsterQuick"},{"interaction":"StepBack","tick":"10","pairInteractionTick":"10 - StepBack","sprite2":"wall","sprite1":"monsterQuick"},{"interaction":"StepBack","tick":"12","pairInteractionTick":"12 - StepBack","sprite2":"wall","sprite1":"monsterQuick"},{"interaction":"StepBack","tick":"16","pairInteractionTick":"16 - StepBack","sprite2":"wall","sprite1":"monsterNormal"},{"interaction":"TransformTo","tick":"16","pairInteractionTick":"16 - TransformTo","sprite2":"key","sprite1":"nokey"},{"interaction":"StepBack","tick":"24","pairInteractionTick":"24 - StepBack","sprite2":"wall","sprite1":"monsterNormal"},{"interaction":"KillSprite","tick":"24","pairInteractionTick":"24 - KillSprite","sprite2":"sword","sprite1":"monsterQuick"},{"interaction":"StepBack","tick":"36","pairInteractionTick":"36 - StepBack","sprite2":"wall","sprite1":"monsterNormal"},{"interaction":"StepBack","tick":"40","pairInteractionTick":"40 - StepBack","sprite2":"wall","sprite1":"monsterNormal"},{"interaction":"KillSprite","tick":"44","pairInteractionTick":"44 - KillSprite","sprite2":"sword","sprite1":"monsterNormal"},{"interaction":"KillSprite","tick":"54","pairInteractionTick":"54 - KillSprite","sprite2":"withkey","sprite1":"goal"}]