[{"interaction":"KillBoth","tick":"3","pairInteractionTick":"3 - KillBoth","sprite2":"sam","sprite1":"base"},{"interaction":"KillBoth","tick":"5","pairInteractionTick":"5 - KillBoth","sprite2":"sam","sprite1":"base"},{"interaction":"KillBoth","tick":"7","pairInteractionTick":"7 - KillBoth","sprite2":"sam","sprite1":"base"},{"interaction":"KillBoth","tick":"10","pairInteractionTick":"10 - KillBoth","sprite2":"sam","sprite1":"base"},{"interaction":"KillBoth","tick":"13","pairInteractionTick":"13 - KillBoth","sprite2":"sam","sprite1":"base"},{"interaction":"KillBoth","tick":"16","pairInteractionTick":"16 - KillBoth","sprite2":"sam","sprite1":"base"},{"interaction":"KillBoth","tick":"19","pairInteractionTick":"19 - KillBoth","sprite2":"sam","sprite1":"base"},{"interaction":"KillBoth","tick":"21","pairInteractionTick":"21 - KillBoth","sprite2":"sam","sprite1":"base"},{"interaction":"KillBoth","tick":"23","pairInteractionTick":"23 - KillBoth","sprite2":"sam","sprite1":"base"},{"interaction":"KillBoth","tick":"26","pairInteractionTick":"26 - KillBoth","sprite2":"sam","sprite1":"base"},{"interaction":"KillBoth","tick":"29","pairInteractionTick":"29 - KillBoth","sprite2":"sam","sprite1":"base"},{"interaction":"KillBoth","tick":"32","pairInteractionTick":"32 - KillBoth","sprite2":"sam","sprite1":"base"},{"interaction":"KillBoth","tick":"36","pairInteractionTick":"36 - KillBoth","sprite2":"sam","sprite1":"base"},{"interaction":"KillBoth","tick":"40","pairInteractionTick":"40 - KillBoth","sprite2":"sam","sprite1":"base"},{"interaction":"KillBoth","tick":"44","pairInteractionTick":"44 - KillBoth","sprite2":"sam","sprite1":"base"},{"interaction":"KillBoth","tick":"48","pairInteractionTick":"48 - KillBoth","sprite2":"sam","sprite1":"base"},{"interaction":"KillBoth","tick":"52","pairInteractionTick":"52 - KillBoth","sprite2":"sam","sprite1":"base"},{"interaction":"KillBoth","tick":"54","pairInteractionTick":"54 - KillBoth","sprite2":"sam","sprite1":"base"},{"interaction":"KillBoth","tick":"56","pairInteractionTick":"56 - KillBoth","sprite2":"sam","sprite1":"base"},{"interaction":"KillBoth","tick":"58","pairInteractionTick":"58 - KillBoth","sprite2":"sam","sprite1":"base"},{"interaction":"KillBoth","tick":"60","pairInteractionTick":"60 - KillBoth","sprite2":"sam","sprite1":"base"},{"interaction":"KillBoth","tick":"63","pairInteractionTick":"63 - KillBoth","sprite2":"sam","sprite1":"base"},{"interaction":"KillBoth","tick":"66","pairInteractionTick":"66 - KillBoth","sprite2":"sam","sprite1":"base"},{"interaction":"KillBoth","tick":"69","pairInteractionTick":"69 - KillBoth","sprite2":"sam","sprite1":"base"},{"interaction":"KillBoth","tick":"72","pairInteractionTick":"72 - KillBoth","sprite2":"sam","sprite1":"base"},{"interaction":"KillBoth","tick":"76","pairInteractionTick":"76 - KillBoth","sprite2":"sam","sprite1":"base"},{"interaction":"KillBoth","tick":"80","pairInteractionTick":"80 - KillBoth","sprite2":"sam","sprite1":"base"},{"interaction":"KillBoth","tick":"83","pairInteractionTick":"83 - KillBoth","sprite2":"sam","sprite1":"base"},{"interaction":"KillBoth","tick":"87","pairInteractionTick":"87 - KillBoth","sprite2":"sam","sprite1":"base"},{"interaction":"KillSprite","tick":"98","pairInteractionTick":"98 - KillSprite","sprite2":"sam","sprite1":"alienGreen"},{"interaction":"KillBoth","tick":"108","pairInteractionTick":"108 - KillBoth","sprite2":"sam","sprite1":"base"},{"interaction":"KillBoth","tick":"115","pairInteractionTick":"115 - KillBoth","sprite2":"bomb","sprite1":"base"},{"interaction":"KillBoth","tick":"115","pairInteractionTick":"115 - KillBoth","sprite2":"bomb","sprite1":"base"},{"interaction":"KillSprite","tick":"119","pairInteractionTick":"119 - KillSprite","sprite2":"sam","sprite1":"alienGreen"},{"interaction":"KillBoth","tick":"124","pairInteractionTick":"124 - KillBoth","sprite2":"sam","sprite1":"base"},{"interaction":"KillBoth","tick":"129","pairInteractionTick":"129 - KillBoth","sprite2":"sam","sprite1":"base"},{"interaction":"KillBoth","tick":"132","pairInteractionTick":"132 - KillBoth","sprite2":"sam","sprite1":"base"},{"interaction":"KillBoth","tick":"135","pairInteractionTick":"135 - KillBoth","sprite2":"sam","sprite1":"base"},{"interaction":"KillBoth","tick":"137","pairInteractionTick":"137 - KillBoth","sprite2":"sam","sprite1":"base"},{"interaction":"KillBoth","tick":"140","pairInteractionTick":"140 - KillBoth","sprite2":"sam","sprite1":"base"},{"interaction":"KillBoth","tick":"143","pairInteractionTick":"143 - KillBoth","sprite2":"sam","sprite1":"base"},{"interaction":"KillBoth","tick":"148","pairInteractionTick":"148 - KillBoth","sprite2":"sam","sprite1":"base"},{"interaction":"KillBoth","tick":"151","pairInteractionTick":"151 - KillBoth","sprite2":"sam","sprite1":"base"},{"interaction":"KillSprite","tick":"162","pairInteractionTick":"162 - KillSprite","sprite2":"sam","sprite1":"alienGreen"},{"interaction":"KillSprite","tick":"177","pairInteractionTick":"177 - KillSprite","sprite2":"sam","sprite1":"alienGreen"},{"interaction":"KillSprite","tick":"179","pairInteractionTick":"179 - KillSprite","sprite2":"sam","sprite1":"alienGreen"},{"interaction":"KillSprite","tick":"189","pairInteractionTick":"189 - KillSprite","sprite2":"sam","sprite1":"alienGreen"},{"interaction":"KillSprite","tick":"214","pairInteractionTick":"214 - KillSprite","sprite2":"sam","sprite1":"alienGreen"},{"interaction":"KillSprite","tick":"216","pairInteractionTick":"216 - KillSprite","sprite2":"sam","sprite1":"alienGreen"},{"interaction":"KillSprite","tick":"227","pairInteractionTick":"227 - KillSprite","sprite2":"sam","sprite1":"alienGreen"},{"interaction":"KillSprite","tick":"238","pairInteractionTick":"238 - KillSprite","sprite2":"sam","sprite1":"alienGreen"},{"interaction":"KillSprite","tick":"239","pairInteractionTick":"239 - KillSprite","sprite2":"alienGreen","sprite1":"base"},{"interaction":"KillSprite","tick":"239","pairInteractionTick":"239 - KillSprite","sprite2":"alienGreen","sprite1":"base"},{"interaction":"KillSprite","tick":"240","pairInteractionTick":"240 - KillSprite","sprite2":"sam","sprite1":"alienGreen"},{"interaction":"KillSprite","tick":"242","pairInteractionTick":"242 - KillSprite","sprite2":"alienGreen","sprite1":"base"},{"interaction":"KillSprite","tick":"242","pairInteractionTick":"242 - KillSprite","sprite2":"alienGreen","sprite1":"base"},{"interaction":"KillSprite","tick":"245","pairInteractionTick":"245 - KillSprite","sprite2":"alienGreen","sprite1":"base"},{"interaction":"KillSprite","tick":"245","pairInteractionTick":"245 - KillSprite","sprite2":"alienGreen","sprite1":"base"},{"interaction":"KillSprite","tick":"251","pairInteractionTick":"251 - KillSprite","sprite2":"sam","sprite1":"alienGreen"},{"interaction":"KillSprite","tick":"265","pairInteractionTick":"265 - KillSprite","sprite2":"sam","sprite1":"alienGreen"},{"interaction":"KillSprite","tick":"278","pairInteractionTick":"278 - KillSprite","sprite2":"sam","sprite1":"alienGreen"},{"interaction":"KillSprite","tick":"287","pairInteractionTick":"287 - KillSprite","sprite2":"sam","sprite1":"alienGreen"},{"interaction":"KillSprite","tick":"329","pairInteractionTick":"329 - KillSprite","sprite2":"sam","sprite1":"alienGreen"},{"interaction":"KillSprite","tick":"344","pairInteractionTick":"344 - KillSprite","sprite2":"sam","sprite1":"alienGreen"},{"interaction":"KillSprite","tick":"359","pairInteractionTick":"359 - KillSprite","sprite2":"sam","sprite1":"alienGreen"},{"interaction":"KillSprite","tick":"371","pairInteractionTick":"371 - KillSprite","sprite2":"sam","sprite1":"alienGreen"},{"interaction":"KillSprite","tick":"446","pairInteractionTick":"446 - KillSprite","sprite2":"sam","sprite1":"alienGreen"}]