[{"interaction":"KillBoth","tick":"5","pairInteractionTick":"5 - KillBoth","sprite2":"sam","sprite1":"base"},{"interaction":"KillBoth","tick":"9","pairInteractionTick":"9 - KillBoth","sprite2":"sam","sprite1":"base"},{"interaction":"KillBoth","tick":"18","pairInteractionTick":"18 - KillBoth","sprite2":"sam","sprite1":"base"},{"interaction":"KillBoth","tick":"27","pairInteractionTick":"27 - KillBoth","sprite2":"sam","sprite1":"base"},{"interaction":"KillBoth","tick":"31","pairInteractionTick":"31 - KillBoth","sprite2":"sam","sprite1":"base"},{"interaction":"KillBoth","tick":"40","pairInteractionTick":"40 - KillBoth","sprite2":"sam","sprite1":"base"},{"interaction":"KillBoth","tick":"44","pairInteractionTick":"44 - KillBoth","sprite2":"sam","sprite1":"base"},{"interaction":"KillBoth","tick":"48","pairInteractionTick":"48 - KillBoth","sprite2":"sam","sprite1":"base"},{"interaction":"KillSprite","tick":"59","pairInteractionTick":"59 - KillSprite","sprite2":"sam","sprite1":"alienGreen"},{"interaction":"KillBoth","tick":"70","pairInteractionTick":"70 - KillBoth","sprite2":"bomb","sprite1":"base"},{"interaction":"KillBoth","tick":"70","pairInteractionTick":"70 - KillBoth","sprite2":"bomb","sprite1":"base"},{"interaction":"KillSprite","tick":"71","pairInteractionTick":"71 - KillSprite","sprite2":"sam","sprite1":"alienGreen"},{"interaction":"KillBoth","tick":"77","pairInteractionTick":"77 - KillBoth","sprite2":"sam","sprite1":"base"},{"interaction":"KillSprite","tick":"88","pairInteractionTick":"88 - KillSprite","sprite2":"sam","sprite1":"alienGreen"},{"interaction":"KillBoth","tick":"94","pairInteractionTick":"94 - KillBoth","sprite2":"sam","sprite1":"base"},{"interaction":"KillBoth","tick":"99","pairInteractionTick":"99 - KillBoth","sprite2":"sam","sprite1":"base"},{"interaction":"KillBoth","tick":"103","pairInteractionTick":"103 - KillBoth","sprite2":"sam","sprite1":"base"},{"interaction":"KillSprite","tick":"114","pairInteractionTick":"114 - KillSprite","sprite2":"sam","sprite1":"alienGreen"},{"interaction":"KillBoth","tick":"118","pairInteractionTick":"118 - KillBoth","sprite2":"bomb","sprite1":"base"},{"interaction":"KillBoth","tick":"118","pairInteractionTick":"118 - KillBoth","sprite2":"bomb","sprite1":"base"},{"interaction":"KillSprite","tick":"126","pairInteractionTick":"126 - KillSprite","sprite2":"sam","sprite1":"alienGreen"},{"interaction":"KillSprite","tick":"138","pairInteractionTick":"138 - KillSprite","sprite2":"sam","sprite1":"alienGreen"},{"interaction":"KillSprite","tick":"150","pairInteractionTick":"150 - KillSprite","sprite2":"sam","sprite1":"alienGreen"},{"interaction":"KillSprite","tick":"162","pairInteractionTick":"162 - KillSprite","sprite2":"sam","sprite1":"alienGreen"},{"interaction":"KillSprite","tick":"174","pairInteractionTick":"174 - KillSprite","sprite2":"sam","sprite1":"alienGreen"},{"interaction":"KillSprite","tick":"186","pairInteractionTick":"186 - KillSprite","sprite2":"sam","sprite1":"alienGreen"},{"interaction":"KillSprite","tick":"196","pairInteractionTick":"196 - KillSprite","sprite2":"sam","sprite1":"alienGreen"},{"interaction":"KillSprite","tick":"198","pairInteractionTick":"198 - KillSprite","sprite2":"sam","sprite1":"alienGreen"},{"interaction":"KillBoth","tick":"205","pairInteractionTick":"205 - KillBoth","sprite2":"bomb","sprite1":"base"},{"interaction":"KillSprite","tick":"208","pairInteractionTick":"208 - KillSprite","sprite2":"sam","sprite1":"alienGreen"},{"interaction":"KillSprite","tick":"210","pairInteractionTick":"210 - KillSprite","sprite2":"sam","sprite1":"alienGreen"},{"interaction":"KillSprite","tick":"221","pairInteractionTick":"221 - KillSprite","sprite2":"sam","sprite1":"alienGreen"},{"interaction":"KillSprite","tick":"235","pairInteractionTick":"235 - KillSprite","sprite2":"sam","sprite1":"alienGreen"},{"interaction":"KillSprite","tick":"239","pairInteractionTick":"239 - KillSprite","sprite2":"alienGreen","sprite1":"base"},{"interaction":"KillBoth","tick":"240","pairInteractionTick":"240 - KillBoth","sprite2":"sam","sprite1":"base"},{"interaction":"KillSprite","tick":"242","pairInteractionTick":"242 - KillSprite","sprite2":"alienGreen","sprite1":"base"},{"interaction":"KillSprite","tick":"245","pairInteractionTick":"245 - KillSprite","sprite2":"alienGreen","sprite1":"base"},{"interaction":"KillSprite","tick":"251","pairInteractionTick":"251 - KillSprite","sprite2":"sam","sprite1":"alienGreen"},{"interaction":"KillBoth","tick":"257","pairInteractionTick":"257 - KillBoth","sprite2":"sam","sprite1":"base"},{"interaction":"KillBoth","tick":"261","pairInteractionTick":"261 - KillBoth","sprite2":"sam","sprite1":"base"},{"interaction":"KillBoth","tick":"265","pairInteractionTick":"265 - KillBoth","sprite2":"sam","sprite1":"base"},{"interaction":"KillBoth","tick":"270","pairInteractionTick":"270 - KillBoth","sprite2":"sam","sprite1":"base"},{"interaction":"KillBoth","tick":"274","pairInteractionTick":"274 - KillBoth","sprite2":"sam","sprite1":"base"},{"interaction":"KillSprite","tick":"285","pairInteractionTick":"285 - KillSprite","sprite2":"sam","sprite1":"alienGreen"},{"interaction":"KillBoth","tick":"290","pairInteractionTick":"290 - KillBoth","sprite2":"sam","sprite1":"base"},{"interaction":"KillBoth","tick":"294","pairInteractionTick":"294 - KillBoth","sprite2":"sam","sprite1":"base"},{"interaction":"KillBoth","tick":"298","pairInteractionTick":"298 - KillBoth","sprite2":"sam","sprite1":"base"},{"interaction":"KillBoth","tick":"302","pairInteractionTick":"302 - KillBoth","sprite2":"sam","sprite1":"base"},{"interaction":"KillBoth","tick":"307","pairInteractionTick":"307 - KillBoth","sprite2":"sam","sprite1":"base"},{"interaction":"KillSprite","tick":"314","pairInteractionTick":"314 - KillSprite","sprite2":"sam","sprite1":"alienGreen"},{"interaction":"KillBoth","tick":"323","pairInteractionTick":"323 - KillBoth","sprite2":"sam","sprite1":"base"},{"interaction":"KillSprite","tick":"332","pairInteractionTick":"332 - KillSprite","sprite2":"sam","sprite1":"alienGreen"}]