[{"interaction":"KillBoth","tick":"2","pairInteractionTick":"2 - KillBoth","sprite2":"sam","sprite1":"base"},{"interaction":"KillBoth","tick":"4","pairInteractionTick":"4 - KillBoth","sprite2":"sam","sprite1":"base"},{"interaction":"KillBoth","tick":"6","pairInteractionTick":"6 - KillBoth","sprite2":"sam","sprite1":"base"},{"interaction":"KillBoth","tick":"9","pairInteractionTick":"9 - KillBoth","sprite2":"sam","sprite1":"base"},{"interaction":"KillBoth","tick":"12","pairInteractionTick":"12 - KillBoth","sprite2":"sam","sprite1":"base"},{"interaction":"KillBoth","tick":"15","pairInteractionTick":"15 - KillBoth","sprite2":"sam","sprite1":"base"},{"interaction":"KillBoth","tick":"17","pairInteractionTick":"17 - KillBoth","sprite2":"sam","sprite1":"base"},{"interaction":"KillBoth","tick":"19","pairInteractionTick":"19 - KillBoth","sprite2":"sam","sprite1":"base"},{"interaction":"KillBoth","tick":"22","pairInteractionTick":"22 - KillBoth","sprite2":"sam","sprite1":"base"},{"interaction":"KillBoth","tick":"25","pairInteractionTick":"25 - KillBoth","sprite2":"sam","sprite1":"base"},{"interaction":"KillBoth","tick":"28","pairInteractionTick":"28 - KillBoth","sprite2":"sam","sprite1":"base"},{"interaction":"KillBoth","tick":"32","pairInteractionTick":"32 - KillBoth","sprite2":"sam","sprite1":"base"},{"interaction":"KillBoth","tick":"36","pairInteractionTick":"36 - KillBoth","sprite2":"sam","sprite1":"base"},{"interaction":"KillBoth","tick":"42","pairInteractionTick":"42 - KillBoth","sprite2":"sam","sprite1":"base"},{"interaction":"KillBoth","tick":"45","pairInteractionTick":"45 - KillBoth","sprite2":"sam","sprite1":"base"},{"interaction":"KillBoth","tick":"48","pairInteractionTick":"48 - KillBoth","sprite2":"sam","sprite1":"base"},{"interaction":"KillBoth","tick":"50","pairInteractionTick":"50 - KillBoth","sprite2":"sam","sprite1":"base"},{"interaction":"KillBoth","tick":"53","pairInteractionTick":"53 - KillBoth","sprite2":"sam","sprite1":"base"},{"interaction":"KillBoth","tick":"56","pairInteractionTick":"56 - KillBoth","sprite2":"sam","sprite1":"base"},{"interaction":"KillBoth","tick":"59","pairInteractionTick":"59 - KillBoth","sprite2":"sam","sprite1":"base"},{"interaction":"KillBoth","tick":"63","pairInteractionTick":"63 - KillBoth","sprite2":"sam","sprite1":"base"},{"interaction":"KillBoth","tick":"67","pairInteractionTick":"67 - KillBoth","sprite2":"sam","sprite1":"base"},{"interaction":"KillBoth","tick":"134","pairInteractionTick":"134 - KillBoth","sprite2":"sam","sprite1":"base"},{"interaction":"KillBoth","tick":"144","pairInteractionTick":"144 - KillBoth","sprite2":"sam","sprite1":"base"},{"interaction":"KillBoth","tick":"149","pairInteractionTick":"149 - KillBoth","sprite2":"sam","sprite1":"base"},{"interaction":"KillBoth","tick":"159","pairInteractionTick":"159 - KillBoth","sprite2":"sam","sprite1":"base"},{"interaction":"KillBoth","tick":"162","pairInteractionTick":"162 - KillBoth","sprite2":"sam","sprite1":"base"},{"interaction":"KillBoth","tick":"166","pairInteractionTick":"166 - KillBoth","sprite2":"sam","sprite1":"base"},{"interaction":"KillBoth","tick":"170","pairInteractionTick":"170 - KillBoth","sprite2":"sam","sprite1":"base"},{"interaction":"KillBoth","tick":"172","pairInteractionTick":"172 - KillBoth","sprite2":"sam","sprite1":"base"},{"interaction":"KillBoth","tick":"174","pairInteractionTick":"174 - KillBoth","sprite2":"bomb","sprite1":"base"},{"interaction":"KillBoth","tick":"174","pairInteractionTick":"174 - KillBoth","sprite2":"sam","sprite1":"base"},{"interaction":"KillBoth","tick":"176","pairInteractionTick":"176 - KillBoth","sprite2":"sam","sprite1":"base"},{"interaction":"KillBoth","tick":"178","pairInteractionTick":"178 - KillBoth","sprite2":"sam","sprite1":"base"},{"interaction":"KillBoth","tick":"181","pairInteractionTick":"181 - KillBoth","sprite2":"sam","sprite1":"base"},{"interaction":"KillBoth","tick":"183","pairInteractionTick":"183 - KillBoth","sprite2":"bomb","sprite1":"base"},{"interaction":"KillBoth","tick":"184","pairInteractionTick":"184 - KillBoth","sprite2":"sam","sprite1":"base"},{"interaction":"KillBoth","tick":"187","pairInteractionTick":"187 - KillBoth","sprite2":"sam","sprite1":"base"},{"interaction":"KillBoth","tick":"190","pairInteractionTick":"190 - KillBoth","sprite2":"sam","sprite1":"base"},{"interaction":"KillBoth","tick":"194","pairInteractionTick":"194 - KillBoth","sprite2":"sam","sprite1":"base"},{"interaction":"KillBoth","tick":"201","pairInteractionTick":"201 - KillBoth","sprite2":"sam","sprite1":"base"},{"interaction":"KillBoth","tick":"209","pairInteractionTick":"209 - KillBoth","sprite2":"sam","sprite1":"base"},{"interaction":"KillBoth","tick":"213","pairInteractionTick":"213 - KillBoth","sprite2":"sam","sprite1":"base"},{"interaction":"KillSprite","tick":"218","pairInteractionTick":"218 - KillSprite","sprite2":"alienBlue","sprite1":"base"},{"interaction":"KillSprite","tick":"218","pairInteractionTick":"218 - KillSprite","sprite2":"alienBlue","sprite1":"base"},{"interaction":"KillSprite","tick":"221","pairInteractionTick":"221 - KillSprite","sprite2":"alienBlue","sprite1":"base"},{"interaction":"KillSprite","tick":"221","pairInteractionTick":"221 - KillSprite","sprite2":"alienBlue","sprite1":"base"},{"interaction":"KillSprite","tick":"261","pairInteractionTick":"261 - KillSprite","sprite2":"sam","sprite1":"alienBlue"},{"interaction":"KillSprite","tick":"297","pairInteractionTick":"297 - KillSprite","sprite2":"sam","sprite1":"alienBlue"},{"interaction":"KillSprite","tick":"324","pairInteractionTick":"324 - KillSprite","sprite2":"sam","sprite1":"alienBlue"},{"interaction":"KillSprite","tick":"338","pairInteractionTick":"338 - KillSprite","sprite2":"sam","sprite1":"alienBlue"},{"interaction":"KillSprite","tick":"345","pairInteractionTick":"345 - KillSprite","sprite2":"sam","sprite1":"alienBlue"},{"interaction":"KillSprite","tick":"362","pairInteractionTick":"362 - KillSprite","sprite2":"sam","sprite1":"alienBlue"},{"interaction":"KillSprite","tick":"376","pairInteractionTick":"376 - KillSprite","sprite2":"sam","sprite1":"alienBlue"},{"interaction":"KillSprite","tick":"378","pairInteractionTick":"378 - KillSprite","sprite2":"sam","sprite1":"alienBlue"},{"interaction":"KillSprite","tick":"390","pairInteractionTick":"390 - KillSprite","sprite2":"sam","sprite1":"alienBlue"},{"interaction":"KillSprite","tick":"403","pairInteractionTick":"403 - KillSprite","sprite2":"sam","sprite1":"alienBlue"},{"interaction":"KillSprite","tick":"419","pairInteractionTick":"419 - KillSprite","sprite2":"sam","sprite1":"alienBlue"},{"interaction":"KillSprite","tick":"451","pairInteractionTick":"451 - KillSprite","sprite2":"sam","sprite1":"alienBlue"},{"interaction":"KillSprite","tick":"452","pairInteractionTick":"452 - KillSprite","sprite2":"sam","sprite1":"alienBlue"},{"interaction":"KillSprite","tick":"463","pairInteractionTick":"463 - KillSprite","sprite2":"sam","sprite1":"alienBlue"},{"interaction":"KillSprite","tick":"500","pairInteractionTick":"500 - KillSprite","sprite2":"sam","sprite1":"alienBlue"},{"interaction":"KillSprite","tick":"501","pairInteractionTick":"501 - KillSprite","sprite2":"sam","sprite1":"alienBlue"},{"interaction":"KillSprite","tick":"516","pairInteractionTick":"516 - KillSprite","sprite2":"sam","sprite1":"alienBlue"},{"interaction":"KillSprite","tick":"518","pairInteractionTick":"518 - KillSprite","sprite2":"sam","sprite1":"alienBlue"},{"interaction":"KillSprite","tick":"529","pairInteractionTick":"529 - KillSprite","sprite2":"sam","sprite1":"alienBlue"},{"interaction":"KillSprite","tick":"542","pairInteractionTick":"542 - KillSprite","sprite2":"sam","sprite1":"alienBlue"}]