[{"interaction":"KillBoth","tick":"4","pairInteractionTick":"4 - KillBoth","sprite2":"sam","sprite1":"base"},{"interaction":"KillBoth","tick":"8","pairInteractionTick":"8 - KillBoth","sprite2":"sam","sprite1":"base"},{"interaction":"KillBoth","tick":"12","pairInteractionTick":"12 - KillBoth","sprite2":"sam","sprite1":"base"},{"interaction":"KillBoth","tick":"16","pairInteractionTick":"16 - KillBoth","sprite2":"sam","sprite1":"base"},{"interaction":"KillBoth","tick":"20","pairInteractionTick":"20 - KillBoth","sprite2":"sam","sprite1":"base"},{"interaction":"KillBoth","tick":"24","pairInteractionTick":"24 - KillBoth","sprite2":"sam","sprite1":"base"},{"interaction":"KillBoth","tick":"28","pairInteractionTick":"28 - KillBoth","sprite2":"sam","sprite1":"base"},{"interaction":"KillBoth","tick":"32","pairInteractionTick":"32 - KillBoth","sprite2":"sam","sprite1":"base"},{"interaction":"KillBoth","tick":"36","pairInteractionTick":"36 - KillBoth","sprite2":"sam","sprite1":"base"},{"interaction":"KillBoth","tick":"40","pairInteractionTick":"40 - KillBoth","sprite2":"sam","sprite1":"base"},{"interaction":"KillBoth","tick":"44","pairInteractionTick":"44 - KillBoth","sprite2":"sam","sprite1":"base"},{"interaction":"KillBoth","tick":"48","pairInteractionTick":"48 - KillBoth","sprite2":"sam","sprite1":"base"},{"interaction":"KillBoth","tick":"52","pairInteractionTick":"52 - KillBoth","sprite2":"sam","sprite1":"base"},{"interaction":"KillBoth","tick":"56","pairInteractionTick":"56 - KillBoth","sprite2":"sam","sprite1":"base"},{"interaction":"KillBoth","tick":"60","pairInteractionTick":"60 - KillBoth","sprite2":"sam","sprite1":"base"},{"interaction":"KillBoth","tick":"64","pairInteractionTick":"64 - KillBoth","sprite2":"sam","sprite1":"base"},{"interaction":"KillBoth","tick":"68","pairInteractionTick":"68 - KillBoth","sprite2":"sam","sprite1":"base"},{"interaction":"KillBoth","tick":"70","pairInteractionTick":"70 - KillBoth","sprite2":"bomb","sprite1":"base"},{"interaction":"KillBoth","tick":"72","pairInteractionTick":"72 - KillBoth","sprite2":"sam","sprite1":"base"},{"interaction":"KillBoth","tick":"76","pairInteractionTick":"76 - KillBoth","sprite2":"sam","sprite1":"base"},{"interaction":"KillBoth","tick":"80","pairInteractionTick":"80 - KillBoth","sprite2":"sam","sprite1":"base"},{"interaction":"KillBoth","tick":"84","pairInteractionTick":"84 - KillBoth","sprite2":"sam","sprite1":"base"},{"interaction":"KillBoth","tick":"88","pairInteractionTick":"88 - KillBoth","sprite2":"sam","sprite1":"base"},{"interaction":"KillBoth","tick":"92","pairInteractionTick":"92 - KillBoth","sprite2":"sam","sprite1":"base"},{"interaction":"KillBoth","tick":"111","pairInteractionTick":"111 - KillBoth","sprite2":"sam","sprite1":"base"},{"interaction":"KillBoth","tick":"118","pairInteractionTick":"118 - KillBoth","sprite2":"sam","sprite1":"base"},{"interaction":"KillBoth","tick":"122","pairInteractionTick":"122 - KillBoth","sprite2":"sam","sprite1":"base"},{"interaction":"KillBoth","tick":"126","pairInteractionTick":"126 - KillBoth","sprite2":"sam","sprite1":"base"},{"interaction":"KillBoth","tick":"147","pairInteractionTick":"147 - KillBoth","sprite2":"sam","sprite1":"base"},{"interaction":"KillBoth","tick":"151","pairInteractionTick":"151 - KillBoth","sprite2":"sam","sprite1":"base"},{"interaction":"KillSprite","tick":"162","pairInteractionTick":"162 - KillSprite","sprite2":"sam","sprite1":"alienGreen"},{"interaction":"KillSprite","tick":"177","pairInteractionTick":"177 - KillSprite","sprite2":"sam","sprite1":"alienGreen"},{"interaction":"KillSprite","tick":"179","pairInteractionTick":"179 - KillSprite","sprite2":"sam","sprite1":"alienGreen"},{"interaction":"KillSprite","tick":"189","pairInteractionTick":"189 - KillSprite","sprite2":"sam","sprite1":"alienGreen"},{"interaction":"KillSprite","tick":"191","pairInteractionTick":"191 - KillSprite","sprite2":"sam","sprite1":"alienGreen"},{"interaction":"KillSprite","tick":"216","pairInteractionTick":"216 - KillSprite","sprite2":"sam","sprite1":"alienGreen"},{"interaction":"KillSprite","tick":"227","pairInteractionTick":"227 - KillSprite","sprite2":"alienGreen","sprite1":"base"},{"interaction":"KillSprite","tick":"227","pairInteractionTick":"227 - KillSprite","sprite2":"alienGreen","sprite1":"base"},{"interaction":"KillSprite","tick":"227","pairInteractionTick":"227 - KillSprite","sprite2":"sam","sprite1":"alienGreen"},{"interaction":"KillSprite","tick":"230","pairInteractionTick":"230 - KillSprite","sprite2":"alienGreen","sprite1":"base"},{"interaction":"KillSprite","tick":"230","pairInteractionTick":"230 - KillSprite","sprite2":"alienGreen","sprite1":"base"},{"interaction":"KillSprite","tick":"233","pairInteractionTick":"233 - KillSprite","sprite2":"alienGreen","sprite1":"base"},{"interaction":"KillSprite","tick":"233","pairInteractionTick":"233 - KillSprite","sprite2":"alienGreen","sprite1":"base"},{"interaction":"KillSprite","tick":"239","pairInteractionTick":"239 - KillSprite","sprite2":"sam","sprite1":"alienGreen"},{"interaction":"KillSprite","tick":"250","pairInteractionTick":"250 - KillSprite","sprite2":"sam","sprite1":"alienGreen"},{"interaction":"KillSprite","tick":"252","pairInteractionTick":"252 - KillSprite","sprite2":"sam","sprite1":"alienGreen"},{"interaction":"KillSprite","tick":"262","pairInteractionTick":"262 - KillSprite","sprite2":"sam","sprite1":"alienGreen"},{"interaction":"KillSprite","tick":"277","pairInteractionTick":"277 - KillSprite","sprite2":"sam","sprite1":"alienGreen"},{"interaction":"KillSprite","tick":"279","pairInteractionTick":"279 - KillSprite","sprite2":"sam","sprite1":"alienGreen"},{"interaction":"KillSprite","tick":"289","pairInteractionTick":"289 - KillSprite","sprite2":"sam","sprite1":"alienGreen"},{"interaction":"KillSprite","tick":"301","pairInteractionTick":"301 - KillSprite","sprite2":"sam","sprite1":"alienGreen"},{"interaction":"KillSprite","tick":"322","pairInteractionTick":"322 - KillSprite","sprite2":"sam","sprite1":"alienGreen"},{"interaction":"KillSprite","tick":"338","pairInteractionTick":"338 - KillSprite","sprite2":"sam","sprite1":"alienGreen"},{"interaction":"KillSprite","tick":"351","pairInteractionTick":"351 - KillSprite","sprite2":"sam","sprite1":"alienGreen"},{"interaction":"KillSprite","tick":"423","pairInteractionTick":"423 - KillSprite","sprite2":"sam","sprite1":"alienGreen"},{"interaction":"KillSprite","tick":"425","pairInteractionTick":"425 - KillSprite","sprite2":"sam","sprite1":"alienGreen"}]