[{"interaction":"KillBoth","tick":"3","pairInteractionTick":"3 - KillBoth","sprite2":"sam","sprite1":"base"},{"interaction":"KillBoth","tick":"7","pairInteractionTick":"7 - KillBoth","sprite2":"sam","sprite1":"base"},{"interaction":"KillBoth","tick":"11","pairInteractionTick":"11 - KillBoth","sprite2":"sam","sprite1":"base"},{"interaction":"KillSprite","tick":"22","pairInteractionTick":"22 - KillSprite","sprite2":"sam","sprite1":"alienGreen"},{"interaction":"KillBoth","tick":"27","pairInteractionTick":"27 - KillBoth","sprite2":"sam","sprite1":"base"},{"interaction":"KillBoth","tick":"28","pairInteractionTick":"28 - KillBoth","sprite2":"bomb","sprite1":"base"},{"interaction":"KillBoth","tick":"28","pairInteractionTick":"28 - KillBoth","sprite2":"bomb","sprite1":"base"},{"interaction":"KillSprite","tick":"38","pairInteractionTick":"38 - KillSprite","sprite2":"sam","sprite1":"alienGreen"},{"interaction":"KillBoth","tick":"43","pairInteractionTick":"43 - KillBoth","sprite2":"sam","sprite1":"base"},{"interaction":"KillBoth","tick":"48","pairInteractionTick":"48 - KillBoth","sprite2":"sam","sprite1":"base"},{"interaction":"KillBoth","tick":"53","pairInteractionTick":"53 - KillBoth","sprite2":"sam","sprite1":"base"},{"interaction":"KillBoth","tick":"54","pairInteractionTick":"54 - KillBoth","sprite2":"bomb","sprite1":"base"},{"interaction":"KillBoth","tick":"54","pairInteractionTick":"54 - KillBoth","sprite2":"bomb","sprite1":"base"},{"interaction":"KillBoth","tick":"57","pairInteractionTick":"57 - KillBoth","sprite2":"sam","sprite1":"base"},{"interaction":"KillBoth","tick":"61","pairInteractionTick":"61 - KillBoth","sprite2":"sam","sprite1":"base"},{"interaction":"KillBoth","tick":"65","pairInteractionTick":"65 - KillBoth","sprite2":"sam","sprite1":"base"},{"interaction":"KillBoth","tick":"69","pairInteractionTick":"69 - KillBoth","sprite2":"sam","sprite1":"base"},{"interaction":"KillBoth","tick":"73","pairInteractionTick":"73 - KillBoth","sprite2":"sam","sprite1":"base"},{"interaction":"KillBoth","tick":"77","pairInteractionTick":"77 - KillBoth","sprite2":"sam","sprite1":"base"},{"interaction":"KillBoth","tick":"81","pairInteractionTick":"81 - KillBoth","sprite2":"sam","sprite1":"base"},{"interaction":"KillBoth","tick":"85","pairInteractionTick":"85 - KillBoth","sprite2":"sam","sprite1":"base"},{"interaction":"KillBoth","tick":"89","pairInteractionTick":"89 - KillBoth","sprite2":"sam","sprite1":"base"},{"interaction":"KillBoth","tick":"94","pairInteractionTick":"94 - KillBoth","sprite2":"sam","sprite1":"base"},{"interaction":"KillBoth","tick":"98","pairInteractionTick":"98 - KillBoth","sprite2":"sam","sprite1":"base"},{"interaction":"KillBoth","tick":"100","pairInteractionTick":"100 - KillBoth","sprite2":"bomb","sprite1":"base"},{"interaction":"KillBoth","tick":"104","pairInteractionTick":"104 - KillBoth","sprite2":"sam","sprite1":"base"},{"interaction":"KillBoth","tick":"108","pairInteractionTick":"108 - KillBoth","sprite2":"sam","sprite1":"base"},{"interaction":"KillBoth","tick":"112","pairInteractionTick":"112 - KillBoth","sprite2":"sam","sprite1":"base"},{"interaction":"KillBoth","tick":"118","pairInteractionTick":"118 - KillBoth","sprite2":"bomb","sprite1":"base"},{"interaction":"KillBoth","tick":"118","pairInteractionTick":"118 - KillBoth","sprite2":"bomb","sprite1":"base"},{"interaction":"KillSprite","tick":"122","pairInteractionTick":"122 - KillSprite","sprite2":"sam","sprite1":"alienGreen"},{"interaction":"KillSprite","tick":"138","pairInteractionTick":"138 - KillSprite","sprite2":"sam","sprite1":"alienGreen"},{"interaction":"KillBoth","tick":"143","pairInteractionTick":"143 - KillBoth","sprite2":"sam","sprite1":"base"},{"interaction":"KillBoth","tick":"154","pairInteractionTick":"154 - KillBoth","sprite2":"sam","sprite1":"base"},{"interaction":"KillSprite","tick":"163","pairInteractionTick":"163 - KillSprite","sprite2":"sam","sprite1":"alienGreen"},{"interaction":"KillSprite","tick":"165","pairInteractionTick":"165 - KillSprite","sprite2":"sam","sprite1":"alienGreen"},{"interaction":"KillBoth","tick":"170","pairInteractionTick":"170 - KillBoth","sprite2":"sam","sprite1":"base"},{"interaction":"KillSprite","tick":"181","pairInteractionTick":"181 - KillSprite","sprite2":"sam","sprite1":"alienGreen"},{"interaction":"KillSprite","tick":"194","pairInteractionTick":"194 - KillSprite","sprite2":"sam","sprite1":"alienGreen"},{"interaction":"KillSprite","tick":"206","pairInteractionTick":"206 - KillSprite","sprite2":"sam","sprite1":"alienGreen"},{"interaction":"KillSprite","tick":"218","pairInteractionTick":"218 - KillSprite","sprite2":"sam","sprite1":"alienGreen"},{"interaction":"KillSprite","tick":"219","pairInteractionTick":"219 - KillSprite","sprite2":"sam","sprite1":"alienGreen"},{"interaction":"KillBoth","tick":"227","pairInteractionTick":"227 - KillBoth","sprite2":"sam","sprite1":"base"},{"interaction":"KillBoth","tick":"232","pairInteractionTick":"232 - KillBoth","sprite2":"bomb","sprite1":"base"},{"interaction":"KillSprite","tick":"242","pairInteractionTick":"242 - KillSprite","sprite2":"sam","sprite1":"alienGreen"},{"interaction":"KillSprite","tick":"254","pairInteractionTick":"254 - KillSprite","sprite2":"sam","sprite1":"alienGreen"},{"interaction":"KillSprite","tick":"255","pairInteractionTick":"255 - KillSprite","sprite2":"sam","sprite1":"alienGreen"},{"interaction":"KillSprite","tick":"270","pairInteractionTick":"270 - KillSprite","sprite2":"sam","sprite1":"alienGreen"},{"interaction":"KillSprite","tick":"282","pairInteractionTick":"282 - KillSprite","sprite2":"sam","sprite1":"alienGreen"},{"interaction":"KillBoth","tick":"295","pairInteractionTick":"295 - KillBoth","sprite2":"sam","sprite1":"base"},{"interaction":"KillSprite","tick":"321","pairInteractionTick":"321 - KillSprite","sprite2":"sam","sprite1":"alienGreen"},{"interaction":"KillSprite","tick":"333","pairInteractionTick":"333 - KillSprite","sprite2":"sam","sprite1":"alienGreen"},{"interaction":"KillSprite","tick":"345","pairInteractionTick":"345 - KillSprite","sprite2":"sam","sprite1":"alienGreen"},{"interaction":"KillSprite","tick":"361","pairInteractionTick":"361 - KillSprite","sprite2":"sam","sprite1":"alienGreen"}]