[{"interaction":"KillBoth","tick":"2","pairInteractionTick":"2 - KillBoth","sprite2":"sam","sprite1":"base"},{"interaction":"KillBoth","tick":"4","pairInteractionTick":"4 - KillBoth","sprite2":"sam","sprite1":"base"},{"interaction":"KillBoth","tick":"8","pairInteractionTick":"8 - KillBoth","sprite2":"sam","sprite1":"base"},{"interaction":"KillBoth","tick":"11","pairInteractionTick":"11 - KillBoth","sprite2":"sam","sprite1":"base"},{"interaction":"KillBoth","tick":"14","pairInteractionTick":"14 - KillBoth","sprite2":"sam","sprite1":"base"},{"interaction":"KillBoth","tick":"17","pairInteractionTick":"17 - KillBoth","sprite2":"sam","sprite1":"base"},{"interaction":"KillBoth","tick":"21","pairInteractionTick":"21 - KillBoth","sprite2":"sam","sprite1":"base"},{"interaction":"KillBoth","tick":"24","pairInteractionTick":"24 - KillBoth","sprite2":"sam","sprite1":"base"},{"interaction":"KillBoth","tick":"29","pairInteractionTick":"29 - KillBoth","sprite2":"sam","sprite1":"base"},{"interaction":"KillBoth","tick":"31","pairInteractionTick":"31 - KillBoth","sprite2":"sam","sprite1":"base"},{"interaction":"KillBoth","tick":"33","pairInteractionTick":"33 - KillBoth","sprite2":"sam","sprite1":"base"},{"interaction":"KillSprite","tick":"46","pairInteractionTick":"46 - KillSprite","sprite2":"sam","sprite1":"alienGreen"},{"interaction":"KillBoth","tick":"49","pairInteractionTick":"49 - KillBoth","sprite2":"sam","sprite1":"base"},{"interaction":"KillBoth","tick":"52","pairInteractionTick":"52 - KillBoth","sprite2":"sam","sprite1":"base"},{"interaction":"KillBoth","tick":"62","pairInteractionTick":"62 - KillBoth","sprite2":"sam","sprite1":"base"},{"interaction":"KillBoth","tick":"64","pairInteractionTick":"64 - KillBoth","sprite2":"sam","sprite1":"base"},{"interaction":"KillBoth","tick":"67","pairInteractionTick":"67 - KillBoth","sprite2":"sam","sprite1":"base"},{"interaction":"KillBoth","tick":"70","pairInteractionTick":"70 - KillBoth","sprite2":"sam","sprite1":"base"},{"interaction":"KillBoth","tick":"73","pairInteractionTick":"73 - KillBoth","sprite2":"sam","sprite1":"base"},{"interaction":"KillBoth","tick":"77","pairInteractionTick":"77 - KillBoth","sprite2":"sam","sprite1":"base"},{"interaction":"KillBoth","tick":"80","pairInteractionTick":"80 - KillBoth","sprite2":"sam","sprite1":"base"},{"interaction":"KillSprite","tick":"91","pairInteractionTick":"91 - KillSprite","sprite2":"sam","sprite1":"alienGreen"},{"interaction":"KillBoth","tick":"95","pairInteractionTick":"95 - KillBoth","sprite2":"sam","sprite1":"base"},{"interaction":"KillBoth","tick":"98","pairInteractionTick":"98 - KillBoth","sprite2":"sam","sprite1":"base"},{"interaction":"KillBoth","tick":"102","pairInteractionTick":"102 - KillBoth","sprite2":"sam","sprite1":"base"},{"interaction":"KillBoth","tick":"106","pairInteractionTick":"106 - KillBoth","sprite2":"sam","sprite1":"base"},{"interaction":"KillBoth","tick":"110","pairInteractionTick":"110 - KillBoth","sprite2":"sam","sprite1":"base"},{"interaction":"KillBoth","tick":"114","pairInteractionTick":"114 - KillBoth","sprite2":"sam","sprite1":"base"},{"interaction":"KillBoth","tick":"115","pairInteractionTick":"115 - KillBoth","sprite2":"bomb","sprite1":"base"},{"interaction":"KillBoth","tick":"123","pairInteractionTick":"123 - KillBoth","sprite2":"sam","sprite1":"base"},{"interaction":"KillBoth","tick":"125","pairInteractionTick":"125 - KillBoth","sprite2":"sam","sprite1":"base"},{"interaction":"KillBoth","tick":"128","pairInteractionTick":"128 - KillBoth","sprite2":"sam","sprite1":"base"},{"interaction":"KillBoth","tick":"139","pairInteractionTick":"139 - KillBoth","sprite2":"bomb","sprite1":"base"},{"interaction":"KillBoth","tick":"139","pairInteractionTick":"139 - KillBoth","sprite2":"bomb","sprite1":"base"},{"interaction":"KillSprite","tick":"139","pairInteractionTick":"139 - KillSprite","sprite2":"sam","sprite1":"alienGreen"},{"interaction":"KillSprite","tick":"141","pairInteractionTick":"141 - KillSprite","sprite2":"sam","sprite1":"alienGreen"},{"interaction":"KillBoth","tick":"148","pairInteractionTick":"148 - KillBoth","sprite2":"sam","sprite1":"base"},{"interaction":"KillBoth","tick":"150","pairInteractionTick":"150 - KillBoth","sprite2":"sam","sprite1":"base"},{"interaction":"KillBoth","tick":"158","pairInteractionTick":"158 - KillBoth","sprite2":"sam","sprite1":"base"},{"interaction":"KillBoth","tick":"164","pairInteractionTick":"164 - KillBoth","sprite2":"sam","sprite1":"base"},{"interaction":"KillBoth","tick":"168","pairInteractionTick":"168 - KillBoth","sprite2":"sam","sprite1":"base"},{"interaction":"KillSprite","tick":"180","pairInteractionTick":"180 - KillSprite","sprite2":"sam","sprite1":"alienGreen"},{"interaction":"KillSprite","tick":"194","pairInteractionTick":"194 - KillSprite","sprite2":"sam","sprite1":"alienGreen"},{"interaction":"KillBoth","tick":"197","pairInteractionTick":"197 - KillBoth","sprite2":"sam","sprite1":"base"},{"interaction":"KillBoth","tick":"201","pairInteractionTick":"201 - KillBoth","sprite2":"sam","sprite1":"base"},{"interaction":"KillSprite","tick":"210","pairInteractionTick":"210 - KillSprite","sprite2":"sam","sprite1":"alienGreen"},{"interaction":"KillSprite","tick":"212","pairInteractionTick":"212 - KillSprite","sprite2":"sam","sprite1":"alienGreen"},{"interaction":"KillBoth","tick":"216","pairInteractionTick":"216 - KillBoth","sprite2":"sam","sprite1":"base"},{"interaction":"KillBoth","tick":"220","pairInteractionTick":"220 - KillBoth","sprite2":"sam","sprite1":"base"},{"interaction":"KillBoth","tick":"224","pairInteractionTick":"224 - KillBoth","sprite2":"sam","sprite1":"base"},{"interaction":"KillSprite","tick":"227","pairInteractionTick":"227 - KillSprite","sprite2":"alienGreen","sprite1":"base"},{"interaction":"KillSprite","tick":"230","pairInteractionTick":"230 - KillSprite","sprite2":"alienGreen","sprite1":"base"},{"interaction":"KillSprite","tick":"233","pairInteractionTick":"233 - KillSprite","sprite2":"alienGreen","sprite1":"base"},{"interaction":"KillSprite","tick":"233","pairInteractionTick":"233 - KillSprite","sprite2":"alienGreen","sprite1":"base"},{"interaction":"KillSprite","tick":"238","pairInteractionTick":"238 - KillSprite","sprite2":"sam","sprite1":"alienGreen"},{"interaction":"KillSprite","tick":"240","pairInteractionTick":"240 - KillSprite","sprite2":"sam","sprite1":"alienGreen"},{"interaction":"KillSprite","tick":"252","pairInteractionTick":"252 - KillSprite","sprite2":"sam","sprite1":"alienGreen"},{"interaction":"KillSprite","tick":"267","pairInteractionTick":"267 - KillSprite","sprite2":"sam","sprite1":"alienGreen"},{"interaction":"KillSprite","tick":"269","pairInteractionTick":"269 - KillSprite","sprite2":"sam","sprite1":"alienGreen"},{"interaction":"KillSprite","tick":"283","pairInteractionTick":"283 - KillSprite","sprite2":"sam","sprite1":"alienGreen"},{"interaction":"KillSprite","tick":"297","pairInteractionTick":"297 - KillSprite","sprite2":"sam","sprite1":"alienGreen"},{"interaction":"KillSprite","tick":"308","pairInteractionTick":"308 - KillSprite","sprite2":"sam","sprite1":"alienGreen"},{"interaction":"KillSprite","tick":"320","pairInteractionTick":"320 - KillSprite","sprite2":"sam","sprite1":"alienGreen"},{"interaction":"KillBoth","tick":"330","pairInteractionTick":"330 - KillBoth","sprite2":"sam","sprite1":"base"},{"interaction":"KillSprite","tick":"352","pairInteractionTick":"352 - KillSprite","sprite2":"sam","sprite1":"alienGreen"},{"interaction":"KillSprite","tick":"364","pairInteractionTick":"364 - KillSprite","sprite2":"sam","sprite1":"alienGreen"},{"interaction":"KillSprite","tick":"376","pairInteractionTick":"376 - KillSprite","sprite2":"sam","sprite1":"alienGreen"}]