[{"interaction":"StepBack","tick":"4","pairInteractionTick":"4 - StepBack","sprite2":"wall","sprite1":"nokey"},{"interaction":"StepBack","tick":"6","pairInteractionTick":"6 - StepBack","sprite2":"wall","sprite1":"monsterQuick"},{"interaction":"StepBack","tick":"8","pairInteractionTick":"8 - StepBack","sprite2":"wall","sprite1":"monsterQuick"},{"interaction":"StepBack","tick":"10","pairInteractionTick":"10 - StepBack","sprite2":"wall","sprite1":"monsterQuick"},{"interaction":"StepBack","tick":"12","pairInteractionTick":"12 - StepBack","sprite2":"wall","sprite1":"monsterQuick"},{"interaction":"StepBack","tick":"12","pairInteractionTick":"12 - StepBack","sprite2":"wall","sprite1":"monsterNormal"},{"interaction":"StepBack","tick":"14","pairInteractionTick":"14 - StepBack","sprite2":"wall","sprite1":"monsterQuick"},{"interaction":"StepBack","tick":"16","pairInteractionTick":"16 - StepBack","sprite2":"wall","sprite1":"monsterQuick"},{"interaction":"StepBack","tick":"16","pairInteractionTick":"16 - StepBack","sprite2":"wall","sprite1":"monsterNormal"},{"interaction":"StepBack","tick":"16","pairInteractionTick":"16 - StepBack","sprite2":"wall","sprite1":"monsterNormal"},{"interaction":"StepBack","tick":"18","pairInteractionTick":"18 - StepBack","sprite2":"wall","sprite1":"nokey"},{"interaction":"StepBack","tick":"18","pairInteractionTick":"18 - StepBack","sprite2":"wall","sprite1":"monsterQuick"},{"interaction":"StepBack","tick":"20","pairInteractionTick":"20 - StepBack","sprite2":"wall","sprite1":"monsterQuick"},{"interaction":"StepBack","tick":"20","pairInteractionTick":"20 - StepBack","sprite2":"wall","sprite1":"monsterNormal"},{"interaction":"StepBack","tick":"22","pairInteractionTick":"22 - StepBack","sprite2":"wall","sprite1":"monsterQuick"},{"interaction":"StepBack","tick":"24","pairInteractionTick":"24 - StepBack","sprite2":"wall","sprite1":"monsterQuick"},{"interaction":"StepBack","tick":"24","pairInteractionTick":"24 - StepBack","sprite2":"wall","sprite1":"monsterNormal"},{"interaction":"StepBack","tick":"24","pairInteractionTick":"24 - StepBack","sprite2":"wall","sprite1":"monsterNormal"},{"interaction":"StepBack","tick":"26","pairInteractionTick":"26 - StepBack","sprite2":"wall","sprite1":"nokey"},{"interaction":"StepBack","tick":"26","pairInteractionTick":"26 - StepBack","sprite2":"wall","sprite1":"monsterQuick"},{"interaction":"StepBack","tick":"28","pairInteractionTick":"28 - StepBack","sprite2":"wall","sprite1":"monsterNormal"},{"interaction":"StepBack","tick":"30","pairInteractionTick":"30 - StepBack","sprite2":"wall","sprite1":"monsterQuick"},{"interaction":"StepBack","tick":"32","pairInteractionTick":"32 - StepBack","sprite2":"wall","sprite1":"monsterQuick"},{"interaction":"StepBack","tick":"32","pairInteractionTick":"32 - StepBack","sprite2":"wall","sprite1":"monsterNormal"},{"interaction":"StepBack","tick":"41","pairInteractionTick":"41 - StepBack","sprite2":"wall","sprite1":"nokey"},{"interaction":"StepBack","tick":"42","pairInteractionTick":"42 - StepBack","sprite2":"wall","sprite1":"monsterQuick"},{"interaction":"StepBack","tick":"44","pairInteractionTick":"44 - StepBack","sprite2":"wall","sprite1":"monsterQuick"},{"interaction":"StepBack","tick":"44","pairInteractionTick":"44 - StepBack","sprite2":"monsterNormal","sprite1":"monsterQuick"},{"interaction":"StepBack","tick":"44","pairInteractionTick":"44 - StepBack","sprite2":"monsterQuick","sprite1":"monsterNormal"},{"interaction":"StepBack","tick":"46","pairInteractionTick":"46 - StepBack","sprite2":"wall","sprite1":"monsterQuick"},{"interaction":"StepBack","tick":"52","pairInteractionTick":"52 - StepBack","sprite2":"wall","sprite1":"monsterNormal"},{"interaction":"StepBack","tick":"56","pairInteractionTick":"56 - StepBack","sprite2":"wall","sprite1":"monsterNormal"},{"interaction":"StepBack","tick":"59","pairInteractionTick":"59 - StepBack","sprite2":"wall","sprite1":"nokey"},{"interaction":"StepBack","tick":"60","pairInteractionTick":"60 - StepBack","sprite2":"wall","sprite1":"nokey"},{"interaction":"StepBack","tick":"60","pairInteractionTick":"60 - StepBack","sprite2":"wall","sprite1":"monsterNormal"},{"interaction":"StepBack","tick":"61","pairInteractionTick":"61 - StepBack","sprite2":"wall","sprite1":"nokey"},{"interaction":"StepBack","tick":"63","pairInteractionTick":"63 - StepBack","sprite2":"wall","sprite1":"nokey"},{"interaction":"StepBack","tick":"64","pairInteractionTick":"64 - StepBack","sprite2":"wall","sprite1":"nokey"},{"interaction":"StepBack","tick":"68","pairInteractionTick":"68 - StepBack","sprite2":"wall","sprite1":"monsterQuick"},{"interaction":"StepBack","tick":"72","pairInteractionTick":"72 - StepBack","sprite2":"wall","sprite1":"monsterNormal"},{"interaction":"StepBack","tick":"76","pairInteractionTick":"76 - StepBack","sprite2":"wall","sprite1":"monsterQuick"},{"interaction":"StepBack","tick":"76","pairInteractionTick":"76 - StepBack","sprite2":"wall","sprite1":"monsterNormal"},{"interaction":"StepBack","tick":"78","pairInteractionTick":"78 - StepBack","sprite2":"wall","sprite1":"monsterQuick"},{"interaction":"StepBack","tick":"80","pairInteractionTick":"80 - StepBack","sprite2":"wall","sprite1":"nokey"},{"interaction":"StepBack","tick":"80","pairInteractionTick":"80 - StepBack","sprite2":"wall","sprite1":"monsterQuick"},{"interaction":"StepBack","tick":"80","pairInteractionTick":"80 - StepBack","sprite2":"wall","sprite1":"monsterNormal"},{"interaction":"StepBack","tick":"80","pairInteractionTick":"80 - StepBack","sprite2":"wall","sprite1":"monsterNormal"},{"interaction":"StepBack","tick":"81","pairInteractionTick":"81 - StepBack","sprite2":"wall","sprite1":"nokey"},{"interaction":"StepBack","tick":"82","pairInteractionTick":"82 - StepBack","sprite2":"wall","sprite1":"monsterQuick"},{"interaction":"StepBack","tick":"84","pairInteractionTick":"84 - StepBack","sprite2":"wall","sprite1":"monsterQuick"},{"interaction":"StepBack","tick":"84","pairInteractionTick":"84 - StepBack","sprite2":"wall","sprite1":"monsterNormal"},{"interaction":"StepBack","tick":"84","pairInteractionTick":"84 - StepBack","sprite2":"wall","sprite1":"monsterNormal"},{"interaction":"StepBack","tick":"86","pairInteractionTick":"86 - StepBack","sprite2":"wall","sprite1":"monsterQuick"},{"interaction":"StepBack","tick":"88","pairInteractionTick":"88 - StepBack","sprite2":"wall","sprite1":"monsterQuick"},{"interaction":"StepBack","tick":"88","pairInteractionTick":"88 - StepBack","sprite2":"wall","sprite1":"monsterNormal"},{"interaction":"StepBack","tick":"88","pairInteractionTick":"88 - StepBack","sprite2":"wall","sprite1":"monsterNormal"},{"interaction":"StepBack","tick":"89","pairInteractionTick":"89 - StepBack","sprite2":"wall","sprite1":"nokey"},{"interaction":"StepBack","tick":"90","pairInteractionTick":"90 - StepBack","sprite2":"wall","sprite1":"monsterQuick"},{"interaction":"StepBack","tick":"92","pairInteractionTick":"92 - StepBack","sprite2":"wall","sprite1":"nokey"},{"interaction":"StepBack","tick":"92","pairInteractionTick":"92 - StepBack","sprite2":"wall","sprite1":"monsterQuick"},{"interaction":"StepBack","tick":"92","pairInteractionTick":"92 - StepBack","sprite2":"wall","sprite1":"monsterNormal"},{"interaction":"StepBack","tick":"94","pairInteractionTick":"94 - StepBack","sprite2":"wall","sprite1":"nokey"},{"interaction":"StepBack","tick":"94","pairInteractionTick":"94 - StepBack","sprite2":"wall","sprite1":"monsterQuick"},{"interaction":"StepBack","tick":"96","pairInteractionTick":"96 - StepBack","sprite2":"wall","sprite1":"monsterQuick"},{"interaction":"StepBack","tick":"96","pairInteractionTick":"96 - StepBack","sprite2":"wall","sprite1":"monsterNormal"},{"interaction":"StepBack","tick":"100","pairInteractionTick":"100 - StepBack","sprite2":"wall","sprite1":"monsterNormal"},{"interaction":"StepBack","tick":"101","pairInteractionTick":"101 - StepBack","sprite2":"wall","sprite1":"nokey"},{"interaction":"StepBack","tick":"102","pairInteractionTick":"102 - StepBack","sprite2":"wall","sprite1":"nokey"},{"interaction":"StepBack","tick":"102","pairInteractionTick":"102 - StepBack","sprite2":"wall","sprite1":"monsterQuick"},{"interaction":"StepBack","tick":"104","pairInteractionTick":"104 - StepBack","sprite2":"wall","sprite1":"monsterQuick"},{"interaction":"StepBack","tick":"104","pairInteractionTick":"104 - StepBack","sprite2":"wall","sprite1":"monsterNormal"},{"interaction":"StepBack","tick":"106","pairInteractionTick":"106 - StepBack","sprite2":"wall","sprite1":"monsterQuick"},{"interaction":"StepBack","tick":"108","pairInteractionTick":"108 - StepBack","sprite2":"wall","sprite1":"monsterQuick"},{"interaction":"StepBack","tick":"108","pairInteractionTick":"108 - StepBack","sprite2":"wall","sprite1":"monsterNormal"},{"interaction":"StepBack","tick":"110","pairInteractionTick":"110 - StepBack","sprite2":"wall","sprite1":"nokey"},{"interaction":"StepBack","tick":"110","pairInteractionTick":"110 - StepBack","sprite2":"wall","sprite1":"monsterQuick"},{"interaction":"StepBack","tick":"111","pairInteractionTick":"111 - StepBack","sprite2":"wall","sprite1":"nokey"},{"interaction":"StepBack","tick":"112","pairInteractionTick":"112 - StepBack","sprite2":"wall","sprite1":"monsterNormal"},{"interaction":"StepBack","tick":"116","pairInteractionTick":"116 - StepBack","sprite2":"wall","sprite1":"monsterNormal"},{"interaction":"StepBack","tick":"116","pairInteractionTick":"116 - StepBack","sprite2":"wall","sprite1":"monsterNormal"},{"interaction":"StepBack","tick":"118","pairInteractionTick":"118 - StepBack","sprite2":"wall","sprite1":"nokey"},{"interaction":"StepBack","tick":"120","pairInteractionTick":"120 - StepBack","sprite2":"wall","sprite1":"monsterNormal"},{"interaction":"StepBack","tick":"120","pairInteractionTick":"120 - StepBack","sprite2":"wall","sprite1":"monsterNormal"},{"interaction":"StepBack","tick":"121","pairInteractionTick":"121 - StepBack","sprite2":"wall","sprite1":"nokey"},{"interaction":"StepBack","tick":"124","pairInteractionTick":"124 - StepBack","sprite2":"wall","sprite1":"monsterQuick"},{"interaction":"StepBack","tick":"124","pairInteractionTick":"124 - StepBack","sprite2":"wall","sprite1":"monsterNormal"},{"interaction":"StepBack","tick":"124","pairInteractionTick":"124 - StepBack","sprite2":"wall","sprite1":"monsterNormal"},{"interaction":"StepBack","tick":"128","pairInteractionTick":"128 - StepBack","sprite2":"wall","sprite1":"monsterNormal"},{"interaction":"StepBack","tick":"128","pairInteractionTick":"128 - StepBack","sprite2":"wall","sprite1":"monsterNormal"},{"interaction":"StepBack","tick":"132","pairInteractionTick":"132 - StepBack","sprite2":"wall","sprite1":"monsterNormal"},{"interaction":"StepBack","tick":"132","pairInteractionTick":"132 - StepBack","sprite2":"wall","sprite1":"monsterNormal"},{"interaction":"StepBack","tick":"136","pairInteractionTick":"136 - StepBack","sprite2":"wall","sprite1":"monsterQuick"},{"interaction":"StepBack","tick":"136","pairInteractionTick":"136 - StepBack","sprite2":"wall","sprite1":"monsterNormal"},{"interaction":"StepBack","tick":"137","pairInteractionTick":"137 - StepBack","sprite2":"wall","sprite1":"nokey"},{"interaction":"StepBack","tick":"138","pairInteractionTick":"138 - StepBack","sprite2":"wall","sprite1":"monsterQuick"},{"interaction":"StepBack","tick":"140","pairInteractionTick":"140 - StepBack","sprite2":"wall","sprite1":"monsterNormal"},{"interaction":"StepBack","tick":"142","pairInteractionTick":"142 - StepBack","sprite2":"wall","sprite1":"nokey"},{"interaction":"StepBack","tick":"144","pairInteractionTick":"144 - StepBack","sprite2":"wall","sprite1":"monsterQuick"},{"interaction":"StepBack","tick":"144","pairInteractionTick":"144 - StepBack","sprite2":"wall","sprite1":"monsterNormal"},{"interaction":"StepBack","tick":"148","pairInteractionTick":"148 - StepBack","sprite2":"wall","sprite1":"monsterNormal"},{"interaction":"StepBack","tick":"150","pairInteractionTick":"150 - StepBack","sprite2":"wall","sprite1":"monsterQuick"},{"interaction":"StepBack","tick":"151","pairInteractionTick":"151 - StepBack","sprite2":"wall","sprite1":"nokey"},{"interaction":"StepBack","tick":"152","pairInteractionTick":"152 - StepBack","sprite2":"wall","sprite1":"monsterQuick"},{"interaction":"StepBack","tick":"152","pairInteractionTick":"152 - StepBack","sprite2":"wall","sprite1":"monsterNormal"},{"interaction":"StepBack","tick":"156","pairInteractionTick":"156 - StepBack","sprite2":"wall","sprite1":"monsterNormal"},{"interaction":"StepBack","tick":"157","pairInteractionTick":"157 - StepBack","sprite2":"wall","sprite1":"nokey"},{"interaction":"StepBack","tick":"158","pairInteractionTick":"158 - StepBack","sprite2":"wall","sprite1":"monsterQuick"},{"interaction":"StepBack","tick":"160","pairInteractionTick":"160 - StepBack","sprite2":"wall","sprite1":"monsterNormal"},{"interaction":"StepBack","tick":"164","pairInteractionTick":"164 - StepBack","sprite2":"wall","sprite1":"monsterQuick"},{"interaction":"StepBack","tick":"164","pairInteractionTick":"164 - StepBack","sprite2":"wall","sprite1":"monsterNormal"},{"interaction":"StepBack","tick":"166","pairInteractionTick":"166 - StepBack","sprite2":"wall","sprite1":"monsterQuick"},{"interaction":"StepBack","tick":"168","pairInteractionTick":"168 - StepBack","sprite2":"wall","sprite1":"monsterQuick"},{"interaction":"StepBack","tick":"168","pairInteractionTick":"168 - StepBack","sprite2":"wall","sprite1":"monsterNormal"},{"interaction":"StepBack","tick":"169","pairInteractionTick":"169 - StepBack","sprite2":"wall","sprite1":"nokey"},{"interaction":"StepBack","tick":"170","pairInteractionTick":"170 - StepBack","sprite2":"wall","sprite1":"monsterQuick"},{"interaction":"StepBack","tick":"172","pairInteractionTick":"172 - StepBack","sprite2":"wall","sprite1":"monsterQuick"},{"interaction":"StepBack","tick":"172","pairInteractionTick":"172 - StepBack","sprite2":"wall","sprite1":"monsterNormal"},{"interaction":"StepBack","tick":"176","pairInteractionTick":"176 - StepBack","sprite2":"wall","sprite1":"monsterNormal"},{"interaction":"StepBack","tick":"180","pairInteractionTick":"180 - StepBack","sprite2":"wall","sprite1":"monsterNormal"},{"interaction":"StepBack","tick":"184","pairInteractionTick":"184 - StepBack","sprite2":"wall","sprite1":"monsterNormal"},{"interaction":"StepBack","tick":"188","pairInteractionTick":"188 - StepBack","sprite2":"wall","sprite1":"monsterNormal"},{"interaction":"StepBack","tick":"189","pairInteractionTick":"189 - StepBack","sprite2":"wall","sprite1":"nokey"},{"interaction":"StepBack","tick":"190","pairInteractionTick":"190 - StepBack","sprite2":"wall","sprite1":"nokey"},{"interaction":"StepBack","tick":"192","pairInteractionTick":"192 - StepBack","sprite2":"wall","sprite1":"monsterNormal"},{"interaction":"StepBack","tick":"195","pairInteractionTick":"195 - StepBack","sprite2":"wall","sprite1":"nokey"},{"interaction":"StepBack","tick":"196","pairInteractionTick":"196 - StepBack","sprite2":"wall","sprite1":"monsterQuick"},{"interaction":"StepBack","tick":"196","pairInteractionTick":"196 - StepBack","sprite2":"wall","sprite1":"monsterNormal"},{"interaction":"StepBack","tick":"198","pairInteractionTick":"198 - StepBack","sprite2":"wall","sprite1":"monsterQuick"},{"interaction":"StepBack","tick":"200","pairInteractionTick":"200 - StepBack","sprite2":"wall","sprite1":"monsterQuick"},{"interaction":"StepBack","tick":"200","pairInteractionTick":"200 - StepBack","sprite2":"wall","sprite1":"monsterNormal"},{"interaction":"StepBack","tick":"200","pairInteractionTick":"200 - StepBack","sprite2":"wall","sprite1":"monsterNormal"},{"interaction":"StepBack","tick":"204","pairInteractionTick":"204 - StepBack","sprite2":"wall","sprite1":"monsterQuick"},{"interaction":"StepBack","tick":"204","pairInteractionTick":"204 - StepBack","sprite2":"wall","sprite1":"monsterNormal"},{"interaction":"StepBack","tick":"204","pairInteractionTick":"204 - StepBack","sprite2":"wall","sprite1":"monsterNormal"},{"interaction":"StepBack","tick":"206","pairInteractionTick":"206 - StepBack","sprite2":"wall","sprite1":"monsterQuick"},{"interaction":"StepBack","tick":"208","pairInteractionTick":"208 - StepBack","sprite2":"wall","sprite1":"monsterQuick"},{"interaction":"StepBack","tick":"208","pairInteractionTick":"208 - StepBack","sprite2":"wall","sprite1":"monsterNormal"},{"interaction":"StepBack","tick":"208","pairInteractionTick":"208 - StepBack","sprite2":"wall","sprite1":"monsterNormal"},{"interaction":"StepBack","tick":"212","pairInteractionTick":"212 - StepBack","sprite2":"wall","sprite1":"monsterNormal"},{"interaction":"StepBack","tick":"212","pairInteractionTick":"212 - StepBack","sprite2":"wall","sprite1":"monsterNormal"},{"interaction":"StepBack","tick":"216","pairInteractionTick":"216 - StepBack","sprite2":"wall","sprite1":"monsterNormal"},{"interaction":"StepBack","tick":"218","pairInteractionTick":"218 - StepBack","sprite2":"wall","sprite1":"monsterQuick"},{"interaction":"StepBack","tick":"220","pairInteractionTick":"220 - StepBack","sprite2":"wall","sprite1":"monsterQuick"},{"interaction":"StepBack","tick":"220","pairInteractionTick":"220 - StepBack","sprite2":"wall","sprite1":"monsterNormal"},{"interaction":"StepBack","tick":"222","pairInteractionTick":"222 - StepBack","sprite2":"wall","sprite1":"monsterQuick"},{"interaction":"StepBack","tick":"224","pairInteractionTick":"224 - StepBack","sprite2":"wall","sprite1":"monsterQuick"},{"interaction":"StepBack","tick":"224","pairInteractionTick":"224 - StepBack","sprite2":"wall","sprite1":"monsterNormal"},{"interaction":"StepBack","tick":"226","pairInteractionTick":"226 - StepBack","sprite2":"wall","sprite1":"monsterQuick"},{"interaction":"StepBack","tick":"228","pairInteractionTick":"228 - StepBack","sprite2":"wall","sprite1":"monsterQuick"},{"interaction":"StepBack","tick":"228","pairInteractionTick":"228 - StepBack","sprite2":"wall","sprite1":"monsterNormal"},{"interaction":"StepBack","tick":"230","pairInteractionTick":"230 - StepBack","sprite2":"wall","sprite1":"monsterQuick"},{"interaction":"StepBack","tick":"232","pairInteractionTick":"232 - StepBack","sprite2":"wall","sprite1":"monsterQuick"},{"interaction":"StepBack","tick":"232","pairInteractionTick":"232 - StepBack","sprite2":"wall","sprite1":"monsterNormal"},{"interaction":"StepBack","tick":"232","pairInteractionTick":"232 - StepBack","sprite2":"wall","sprite1":"monsterNormal"},{"interaction":"StepBack","tick":"234","pairInteractionTick":"234 - StepBack","sprite2":"wall","sprite1":"monsterQuick"},{"interaction":"StepBack","tick":"236","pairInteractionTick":"236 - StepBack","sprite2":"wall","sprite1":"monsterQuick"},{"interaction":"StepBack","tick":"236","pairInteractionTick":"236 - StepBack","sprite2":"wall","sprite1":"monsterNormal"},{"interaction":"StepBack","tick":"236","pairInteractionTick":"236 - StepBack","sprite2":"wall","sprite1":"monsterNormal"},{"interaction":"StepBack","tick":"238","pairInteractionTick":"238 - StepBack","sprite2":"wall","sprite1":"monsterQuick"},{"interaction":"StepBack","tick":"240","pairInteractionTick":"240 - StepBack","sprite2":"wall","sprite1":"monsterQuick"},{"interaction":"StepBack","tick":"240","pairInteractionTick":"240 - StepBack","sprite2":"wall","sprite1":"monsterNormal"},{"interaction":"StepBack","tick":"240","pairInteractionTick":"240 - StepBack","sprite2":"wall","sprite1":"monsterNormal"},{"interaction":"StepBack","tick":"242","pairInteractionTick":"242 - StepBack","sprite2":"wall","sprite1":"monsterQuick"},{"interaction":"StepBack","tick":"244","pairInteractionTick":"244 - StepBack","sprite2":"wall","sprite1":"monsterQuick"},{"interaction":"StepBack","tick":"244","pairInteractionTick":"244 - StepBack","sprite2":"wall","sprite1":"monsterNormal"},{"interaction":"StepBack","tick":"244","pairInteractionTick":"244 - StepBack","sprite2":"wall","sprite1":"monsterNormal"},{"interaction":"StepBack","tick":"245","pairInteractionTick":"245 - StepBack","sprite2":"wall","sprite1":"nokey"},{"interaction":"StepBack","tick":"246","pairInteractionTick":"246 - StepBack","sprite2":"wall","sprite1":"monsterQuick"},{"interaction":"StepBack","tick":"248","pairInteractionTick":"248 - StepBack","sprite2":"wall","sprite1":"monsterQuick"},{"interaction":"StepBack","tick":"248","pairInteractionTick":"248 - StepBack","sprite2":"wall","sprite1":"monsterNormal"},{"interaction":"StepBack","tick":"248","pairInteractionTick":"248 - StepBack","sprite2":"wall","sprite1":"monsterNormal"},{"interaction":"StepBack","tick":"250","pairInteractionTick":"250 - StepBack","sprite2":"wall","sprite1":"nokey"},{"interaction":"StepBack","tick":"250","pairInteractionTick":"250 - StepBack","sprite2":"wall","sprite1":"monsterQuick"},{"interaction":"StepBack","tick":"252","pairInteractionTick":"252 - StepBack","sprite2":"wall","sprite1":"monsterQuick"},{"interaction":"StepBack","tick":"252","pairInteractionTick":"252 - StepBack","sprite2":"wall","sprite1":"monsterNormal"},{"interaction":"StepBack","tick":"254","pairInteractionTick":"254 - StepBack","sprite2":"wall","sprite1":"monsterQuick"},{"interaction":"StepBack","tick":"256","pairInteractionTick":"256 - StepBack","sprite2":"wall","sprite1":"nokey"},{"interaction":"StepBack","tick":"256","pairInteractionTick":"256 - StepBack","sprite2":"wall","sprite1":"monsterQuick"},{"interaction":"StepBack","tick":"256","pairInteractionTick":"256 - StepBack","sprite2":"wall","sprite1":"monsterNormal"},{"interaction":"StepBack","tick":"258","pairInteractionTick":"258 - StepBack","sprite2":"wall","sprite1":"monsterQuick"},{"interaction":"StepBack","tick":"260","pairInteractionTick":"260 - StepBack","sprite2":"wall","sprite1":"monsterQuick"},{"interaction":"StepBack","tick":"260","pairInteractionTick":"260 - StepBack","sprite2":"wall","sprite1":"monsterNormal"},{"interaction":"StepBack","tick":"262","pairInteractionTick":"262 - StepBack","sprite2":"wall","sprite1":"nokey"},{"interaction":"StepBack","tick":"262","pairInteractionTick":"262 - StepBack","sprite2":"wall","sprite1":"monsterQuick"},{"interaction":"StepBack","tick":"264","pairInteractionTick":"264 - StepBack","sprite2":"wall","sprite1":"monsterQuick"},{"interaction":"StepBack","tick":"264","pairInteractionTick":"264 - StepBack","sprite2":"wall","sprite1":"monsterNormal"},{"interaction":"StepBack","tick":"268","pairInteractionTick":"268 - StepBack","sprite2":"wall","sprite1":"monsterNormal"},{"interaction":"StepBack","tick":"274","pairInteractionTick":"274 - StepBack","sprite2":"wall","sprite1":"nokey"},{"interaction":"StepBack","tick":"276","pairInteractionTick":"276 - StepBack","sprite2":"wall","sprite1":"monsterQuick"},{"interaction":"StepBack","tick":"277","pairInteractionTick":"277 - StepBack","sprite2":"wall","sprite1":"nokey"},{"interaction":"StepBack","tick":"278","pairInteractionTick":"278 - StepBack","sprite2":"wall","sprite1":"monsterQuick"},{"interaction":"StepBack","tick":"284","pairInteractionTick":"284 - StepBack","sprite2":"wall","sprite1":"monsterQuick"},{"interaction":"StepBack","tick":"286","pairInteractionTick":"286 - StepBack","sprite2":"wall","sprite1":"nokey"},{"interaction":"StepBack","tick":"288","pairInteractionTick":"288 - StepBack","sprite2":"wall","sprite1":"nokey"},{"interaction":"StepBack","tick":"289","pairInteractionTick":"289 - StepBack","sprite2":"wall","sprite1":"nokey"},{"interaction":"StepBack","tick":"292","pairInteractionTick":"292 - StepBack","sprite2":"wall","sprite1":"monsterQuick"},{"interaction":"StepBack","tick":"292","pairInteractionTick":"292 - StepBack","sprite2":"wall","sprite1":"monsterNormal"},{"interaction":"StepBack","tick":"294","pairInteractionTick":"294 - StepBack","sprite2":"wall","sprite1":"monsterQuick"},{"interaction":"StepBack","tick":"295","pairInteractionTick":"295 - StepBack","sprite2":"wall","sprite1":"nokey"},{"interaction":"StepBack","tick":"296","pairInteractionTick":"296 - StepBack","sprite2":"wall","sprite1":"nokey"},{"interaction":"StepBack","tick":"296","pairInteractionTick":"296 - StepBack","sprite2":"wall","sprite1":"monsterQuick"},{"interaction":"StepBack","tick":"298","pairInteractionTick":"298 - StepBack","sprite2":"wall","sprite1":"monsterQuick"},{"interaction":"StepBack","tick":"301","pairInteractionTick":"301 - StepBack","sprite2":"wall","sprite1":"nokey"},{"interaction":"StepBack","tick":"304","pairInteractionTick":"304 - StepBack","sprite2":"wall","sprite1":"monsterNormal"},{"interaction":"StepBack","tick":"304","pairInteractionTick":"304 - StepBack","sprite2":"wall","sprite1":"monsterNormal"},{"interaction":"StepBack","tick":"308","pairInteractionTick":"308 - StepBack","sprite2":"wall","sprite1":"nokey"},{"interaction":"StepBack","tick":"308","pairInteractionTick":"308 - StepBack","sprite2":"wall","sprite1":"monsterQuick"},{"interaction":"StepBack","tick":"308","pairInteractionTick":"308 - StepBack","sprite2":"wall","sprite1":"monsterNormal"},{"interaction":"StepBack","tick":"310","pairInteractionTick":"310 - StepBack","sprite2":"wall","sprite1":"monsterQuick"},{"interaction":"StepBack","tick":"312","pairInteractionTick":"312 - StepBack","sprite2":"wall","sprite1":"monsterQuick"},{"interaction":"StepBack","tick":"312","pairInteractionTick":"312 - StepBack","sprite2":"wall","sprite1":"monsterNormal"},{"interaction":"StepBack","tick":"316","pairInteractionTick":"316 - StepBack","sprite2":"wall","sprite1":"monsterNormal"},{"interaction":"StepBack","tick":"317","pairInteractionTick":"317 - StepBack","sprite2":"wall","sprite1":"nokey"},{"interaction":"StepBack","tick":"320","pairInteractionTick":"320 - StepBack","sprite2":"wall","sprite1":"nokey"},{"interaction":"StepBack","tick":"320","pairInteractionTick":"320 - StepBack","sprite2":"wall","sprite1":"monsterNormal"},{"interaction":"StepBack","tick":"323","pairInteractionTick":"323 - StepBack","sprite2":"wall","sprite1":"nokey"},{"interaction":"StepBack","tick":"328","pairInteractionTick":"328 - StepBack","sprite2":"wall","sprite1":"monsterQuick"},{"interaction":"StepBack","tick":"328","pairInteractionTick":"328 - StepBack","sprite2":"wall","sprite1":"monsterNormal"},{"interaction":"StepBack","tick":"330","pairInteractionTick":"330 - StepBack","sprite2":"wall","sprite1":"monsterQuick"},{"interaction":"StepBack","tick":"332","pairInteractionTick":"332 - StepBack","sprite2":"wall","sprite1":"monsterQuick"},{"interaction":"StepBack","tick":"332","pairInteractionTick":"332 - StepBack","sprite2":"wall","sprite1":"monsterNormal"},{"interaction":"StepBack","tick":"334","pairInteractionTick":"334 - StepBack","sprite2":"wall","sprite1":"monsterQuick"},{"interaction":"StepBack","tick":"335","pairInteractionTick":"335 - StepBack","sprite2":"wall","sprite1":"nokey"},{"interaction":"StepBack","tick":"336","pairInteractionTick":"336 - StepBack","sprite2":"wall","sprite1":"monsterQuick"},{"interaction":"StepBack","tick":"336","pairInteractionTick":"336 - StepBack","sprite2":"wall","sprite1":"monsterNormal"},{"interaction":"StepBack","tick":"338","pairInteractionTick":"338 - StepBack","sprite2":"wall","sprite1":"monsterQuick"},{"interaction":"StepBack","tick":"340","pairInteractionTick":"340 - StepBack","sprite2":"wall","sprite1":"monsterQuick"},{"interaction":"StepBack","tick":"340","pairInteractionTick":"340 - StepBack","sprite2":"wall","sprite1":"monsterNormal"},{"interaction":"StepBack","tick":"340","pairInteractionTick":"340 - StepBack","sprite2":"wall","sprite1":"monsterNormal"},{"interaction":"StepBack","tick":"344","pairInteractionTick":"344 - StepBack","sprite2":"wall","sprite1":"monsterNormal"},{"interaction":"StepBack","tick":"344","pairInteractionTick":"344 - StepBack","sprite2":"wall","sprite1":"monsterNormal"},{"interaction":"StepBack","tick":"346","pairInteractionTick":"346 - StepBack","sprite2":"wall","sprite1":"monsterQuick"},{"interaction":"StepBack","tick":"347","pairInteractionTick":"347 - StepBack","sprite2":"wall","sprite1":"nokey"},{"interaction":"StepBack","tick":"348","pairInteractionTick":"348 - StepBack","sprite2":"wall","sprite1":"monsterQuick"},{"interaction":"StepBack","tick":"348","pairInteractionTick":"348 - StepBack","sprite2":"wall","sprite1":"monsterNormal"},{"interaction":"StepBack","tick":"348","pairInteractionTick":"348 - StepBack","sprite2":"wall","sprite1":"monsterNormal"},{"interaction":"StepBack","tick":"350","pairInteractionTick":"350 - StepBack","sprite2":"wall","sprite1":"monsterQuick"},{"interaction":"StepBack","tick":"352","pairInteractionTick":"352 - StepBack","sprite2":"wall","sprite1":"monsterQuick"},{"interaction":"StepBack","tick":"352","pairInteractionTick":"352 - StepBack","sprite2":"wall","sprite1":"monsterNormal"},{"interaction":"StepBack","tick":"352","pairInteractionTick":"352 - StepBack","sprite2":"wall","sprite1":"monsterNormal"},{"interaction":"StepBack","tick":"354","pairInteractionTick":"354 - StepBack","sprite2":"wall","sprite1":"monsterQuick"},{"interaction":"StepBack","tick":"356","pairInteractionTick":"356 - StepBack","sprite2":"wall","sprite1":"monsterQuick"},{"interaction":"StepBack","tick":"356","pairInteractionTick":"356 - StepBack","sprite2":"wall","sprite1":"monsterNormal"},{"interaction":"StepBack","tick":"356","pairInteractionTick":"356 - StepBack","sprite2":"wall","sprite1":"monsterNormal"},{"interaction":"StepBack","tick":"358","pairInteractionTick":"358 - StepBack","sprite2":"wall","sprite1":"monsterQuick"},{"interaction":"StepBack","tick":"359","pairInteractionTick":"359 - StepBack","sprite2":"wall","sprite1":"nokey"},{"interaction":"StepBack","tick":"360","pairInteractionTick":"360 - StepBack","sprite2":"wall","sprite1":"nokey"},{"interaction":"StepBack","tick":"360","pairInteractionTick":"360 - StepBack","sprite2":"wall","sprite1":"monsterQuick"},{"interaction":"StepBack","tick":"362","pairInteractionTick":"362 - StepBack","sprite2":"wall","sprite1":"monsterQuick"},{"interaction":"StepBack","tick":"368","pairInteractionTick":"368 - StepBack","sprite2":"wall","sprite1":"monsterQuick"},{"interaction":"StepBack","tick":"371","pairInteractionTick":"371 - StepBack","sprite2":"wall","sprite1":"nokey"},{"interaction":"StepBack","tick":"374","pairInteractionTick":"374 - StepBack","sprite2":"wall","sprite1":"monsterQuick"},{"interaction":"StepBack","tick":"376","pairInteractionTick":"376 - StepBack","sprite2":"wall","sprite1":"monsterQuick"},{"interaction":"StepBack","tick":"376","pairInteractionTick":"376 - StepBack","sprite2":"wall","sprite1":"monsterNormal"},{"interaction":"StepBack","tick":"378","pairInteractionTick":"378 - StepBack","sprite2":"wall","sprite1":"monsterQuick"},{"interaction":"StepBack","tick":"380","pairInteractionTick":"380 - StepBack","sprite2":"wall","sprite1":"monsterQuick"},{"interaction":"StepBack","tick":"380","pairInteractionTick":"380 - StepBack","sprite2":"wall","sprite1":"monsterNormal"},{"interaction":"StepBack","tick":"382","pairInteractionTick":"382 - StepBack","sprite2":"wall","sprite1":"nokey"},{"interaction":"StepBack","tick":"382","pairInteractionTick":"382 - StepBack","sprite2":"wall","sprite1":"monsterQuick"},{"interaction":"StepBack","tick":"383","pairInteractionTick":"383 - StepBack","sprite2":"wall","sprite1":"nokey"},{"interaction":"StepBack","tick":"384","pairInteractionTick":"384 - StepBack","sprite2":"wall","sprite1":"nokey"},{"interaction":"StepBack","tick":"384","pairInteractionTick":"384 - StepBack","sprite2":"wall","sprite1":"monsterNormal"},{"interaction":"StepBack","tick":"388","pairInteractionTick":"388 - StepBack","sprite2":"wall","sprite1":"monsterNormal"},{"interaction":"StepBack","tick":"390","pairInteractionTick":"390 - StepBack","sprite2":"wall","sprite1":"monsterQuick"},{"interaction":"StepBack","tick":"392","pairInteractionTick":"392 - StepBack","sprite2":"wall","sprite1":"monsterNormal"},{"interaction":"StepBack","tick":"396","pairInteractionTick":"396 - StepBack","sprite2":"wall","sprite1":"monsterNormal"},{"interaction":"StepBack","tick":"400","pairInteractionTick":"400 - StepBack","sprite2":"wall","sprite1":"monsterNormal"},{"interaction":"StepBack","tick":"402","pairInteractionTick":"402 - StepBack","sprite2":"wall","sprite1":"monsterQuick"},{"interaction":"StepBack","tick":"404","pairInteractionTick":"404 - StepBack","sprite2":"wall","sprite1":"monsterQuick"},{"interaction":"StepBack","tick":"404","pairInteractionTick":"404 - StepBack","sprite2":"wall","sprite1":"monsterNormal"},{"interaction":"StepBack","tick":"406","pairInteractionTick":"406 - StepBack","sprite2":"wall","sprite1":"monsterQuick"},{"interaction":"StepBack","tick":"408","pairInteractionTick":"408 - StepBack","sprite2":"wall","sprite1":"monsterQuick"},{"interaction":"StepBack","tick":"408","pairInteractionTick":"408 - StepBack","sprite2":"wall","sprite1":"monsterNormal"},{"interaction":"StepBack","tick":"410","pairInteractionTick":"410 - StepBack","sprite2":"wall","sprite1":"monsterQuick"},{"interaction":"StepBack","tick":"412","pairInteractionTick":"412 - StepBack","sprite2":"wall","sprite1":"monsterNormal"},{"interaction":"StepBack","tick":"412","pairInteractionTick":"412 - StepBack","sprite2":"wall","sprite1":"monsterNormal"},{"interaction":"StepBack","tick":"416","pairInteractionTick":"416 - StepBack","sprite2":"wall","sprite1":"nokey"},{"interaction":"StepBack","tick":"416","pairInteractionTick":"416 - StepBack","sprite2":"wall","sprite1":"monsterQuick"},{"interaction":"StepBack","tick":"416","pairInteractionTick":"416 - StepBack","sprite2":"wall","sprite1":"monsterNormal"},{"interaction":"StepBack","tick":"418","pairInteractionTick":"418 - StepBack","sprite2":"wall","sprite1":"monsterQuick"},{"interaction":"StepBack","tick":"420","pairInteractionTick":"420 - StepBack","sprite2":"wall","sprite1":"monsterQuick"},{"interaction":"StepBack","tick":"420","pairInteractionTick":"420 - StepBack","sprite2":"wall","sprite1":"monsterNormal"},{"interaction":"StepBack","tick":"422","pairInteractionTick":"422 - StepBack","sprite2":"wall","sprite1":"monsterQuick"},{"interaction":"StepBack","tick":"424","pairInteractionTick":"424 - StepBack","sprite2":"wall","sprite1":"monsterQuick"},{"interaction":"StepBack","tick":"424","pairInteractionTick":"424 - StepBack","sprite2":"wall","sprite1":"monsterNormal"},{"interaction":"StepBack","tick":"428","pairInteractionTick":"428 - StepBack","sprite2":"wall","sprite1":"monsterNormal"},{"interaction":"StepBack","tick":"430","pairInteractionTick":"430 - StepBack","sprite2":"wall","sprite1":"nokey"},{"interaction":"StepBack","tick":"432","pairInteractionTick":"432 - StepBack","sprite2":"wall","sprite1":"monsterNormal"},{"interaction":"StepBack","tick":"436","pairInteractionTick":"436 - StepBack","sprite2":"wall","sprite1":"monsterNormal"},{"interaction":"StepBack","tick":"440","pairInteractionTick":"440 - StepBack","sprite2":"wall","sprite1":"monsterQuick"},{"interaction":"StepBack","tick":"442","pairInteractionTick":"442 - StepBack","sprite2":"wall","sprite1":"monsterQuick"},{"interaction":"StepBack","tick":"444","pairInteractionTick":"444 - StepBack","sprite2":"wall","sprite1":"nokey"},{"interaction":"StepBack","tick":"444","pairInteractionTick":"444 - StepBack","sprite2":"wall","sprite1":"monsterQuick"},{"interaction":"StepBack","tick":"446","pairInteractionTick":"446 - StepBack","sprite2":"wall","sprite1":"monsterQuick"},{"interaction":"StepBack","tick":"448","pairInteractionTick":"448 - StepBack","sprite2":"wall","sprite1":"monsterNormal"},{"interaction":"StepBack","tick":"449","pairInteractionTick":"449 - StepBack","sprite2":"wall","sprite1":"nokey"},{"interaction":"StepBack","tick":"451","pairInteractionTick":"451 - StepBack","sprite2":"wall","sprite1":"nokey"},{"interaction":"StepBack","tick":"452","pairInteractionTick":"452 - StepBack","sprite2":"wall","sprite1":"monsterNormal"},{"interaction":"StepBack","tick":"456","pairInteractionTick":"456 - StepBack","sprite2":"wall","sprite1":"monsterNormal"},{"interaction":"StepBack","tick":"464","pairInteractionTick":"464 - StepBack","sprite2":"wall","sprite1":"nokey"},{"interaction":"KillSprite","tick":"464","pairInteractionTick":"464 - KillSprite","sprite2":"monsterNormal","sprite1":"nokey"}]