[{"interaction":"KillBoth","tick":"3","pairInteractionTick":"3 - KillBoth","sprite2":"sam","sprite1":"base"},{"interaction":"KillBoth","tick":"7","pairInteractionTick":"7 - KillBoth","sprite2":"sam","sprite1":"base"},{"interaction":"KillBoth","tick":"11","pairInteractionTick":"11 - KillBoth","sprite2":"sam","sprite1":"base"},{"interaction":"KillBoth","tick":"15","pairInteractionTick":"15 - KillBoth","sprite2":"sam","sprite1":"base"},{"interaction":"KillBoth","tick":"19","pairInteractionTick":"19 - KillBoth","sprite2":"sam","sprite1":"base"},{"interaction":"KillBoth","tick":"23","pairInteractionTick":"23 - KillBoth","sprite2":"sam","sprite1":"base"},{"interaction":"KillBoth","tick":"27","pairInteractionTick":"27 - KillBoth","sprite2":"sam","sprite1":"base"},{"interaction":"KillBoth","tick":"31","pairInteractionTick":"31 - KillBoth","sprite2":"sam","sprite1":"base"},{"interaction":"KillBoth","tick":"35","pairInteractionTick":"35 - KillBoth","sprite2":"sam","sprite1":"base"},{"interaction":"KillBoth","tick":"39","pairInteractionTick":"39 - KillBoth","sprite2":"sam","sprite1":"base"},{"interaction":"KillBoth","tick":"43","pairInteractionTick":"43 - KillBoth","sprite2":"sam","sprite1":"base"},{"interaction":"KillBoth","tick":"47","pairInteractionTick":"47 - KillBoth","sprite2":"sam","sprite1":"base"},{"interaction":"KillBoth","tick":"51","pairInteractionTick":"51 - KillBoth","sprite2":"sam","sprite1":"base"},{"interaction":"KillBoth","tick":"55","pairInteractionTick":"55 - KillBoth","sprite2":"sam","sprite1":"base"},{"interaction":"KillBoth","tick":"70","pairInteractionTick":"70 - KillBoth","sprite2":"bomb","sprite1":"base"},{"interaction":"KillBoth","tick":"73","pairInteractionTick":"73 - KillBoth","sprite2":"sam","sprite1":"base"},{"interaction":"KillBoth","tick":"79","pairInteractionTick":"79 - KillBoth","sprite2":"sam","sprite1":"base"},{"interaction":"KillBoth","tick":"83","pairInteractionTick":"83 - KillBoth","sprite2":"sam","sprite1":"base"},{"interaction":"KillBoth","tick":"87","pairInteractionTick":"87 - KillBoth","sprite2":"sam","sprite1":"base"},{"interaction":"KillBoth","tick":"92","pairInteractionTick":"92 - KillBoth","sprite2":"sam","sprite1":"base"},{"interaction":"KillBoth","tick":"107","pairInteractionTick":"107 - KillBoth","sprite2":"sam","sprite1":"base"},{"interaction":"KillBoth","tick":"111","pairInteractionTick":"111 - KillBoth","sprite2":"sam","sprite1":"base"},{"interaction":"KillBoth","tick":"116","pairInteractionTick":"116 - KillBoth","sprite2":"sam","sprite1":"base"},{"interaction":"KillBoth","tick":"120","pairInteractionTick":"120 - KillBoth","sprite2":"sam","sprite1":"base"},{"interaction":"KillBoth","tick":"124","pairInteractionTick":"124 - KillBoth","sprite2":"sam","sprite1":"base"},{"interaction":"KillBoth","tick":"128","pairInteractionTick":"128 - KillBoth","sprite2":"sam","sprite1":"base"},{"interaction":"KillBoth","tick":"132","pairInteractionTick":"132 - KillBoth","sprite2":"sam","sprite1":"base"},{"interaction":"KillBoth","tick":"136","pairInteractionTick":"136 - KillBoth","sprite2":"sam","sprite1":"base"},{"interaction":"KillBoth","tick":"140","pairInteractionTick":"140 - KillBoth","sprite2":"sam","sprite1":"base"},{"interaction":"KillBoth","tick":"147","pairInteractionTick":"147 - KillBoth","sprite2":"sam","sprite1":"base"},{"interaction":"KillSprite","tick":"215","pairInteractionTick":"215 - KillSprite","sprite2":"alienGreen","sprite1":"base"},{"interaction":"KillSprite","tick":"215","pairInteractionTick":"215 - KillSprite","sprite2":"alienGreen","sprite1":"base"},{"interaction":"KillBoth","tick":"217","pairInteractionTick":"217 - KillBoth","sprite2":"bomb","sprite1":"base"},{"interaction":"KillSprite","tick":"217","pairInteractionTick":"217 - KillSprite","sprite2":"sam","sprite1":"alienGreen"},{"interaction":"KillSprite","tick":"218","pairInteractionTick":"218 - KillSprite","sprite2":"alienGreen","sprite1":"base"},{"interaction":"KillSprite","tick":"218","pairInteractionTick":"218 - KillSprite","sprite2":"alienGreen","sprite1":"base"},{"interaction":"KillSprite","tick":"221","pairInteractionTick":"221 - KillSprite","sprite2":"alienGreen","sprite1":"base"},{"interaction":"KillSprite","tick":"241","pairInteractionTick":"241 - KillSprite","sprite2":"sam","sprite1":"alienGreen"},{"interaction":"KillSprite","tick":"269","pairInteractionTick":"269 - KillSprite","sprite2":"sam","sprite1":"alienGreen"},{"interaction":"KillSprite","tick":"271","pairInteractionTick":"271 - KillSprite","sprite2":"sam","sprite1":"alienGreen"},{"interaction":"KillSprite","tick":"315","pairInteractionTick":"315 - KillSprite","sprite2":"sam","sprite1":"alienGreen"},{"interaction":"KillSprite","tick":"366","pairInteractionTick":"366 - KillSprite","sprite2":"sam","sprite1":"alienGreen"},{"interaction":"KillSprite","tick":"413","pairInteractionTick":"413 - KillSprite","sprite2":"sam","sprite1":"alienGreen"},{"interaction":"KillSprite","tick":"421","pairInteractionTick":"421 - KillSprite","sprite2":"sam","sprite1":"alienGreen"},{"interaction":"KillSprite","tick":"433","pairInteractionTick":"433 - KillSprite","sprite2":"sam","sprite1":"alienGreen"},{"interaction":"KillSprite","tick":"434","pairInteractionTick":"434 - KillSprite","sprite2":"sam","sprite1":"alienGreen"},{"interaction":"KillSprite","tick":"445","pairInteractionTick":"445 - KillSprite","sprite2":"sam","sprite1":"alienGreen"},{"interaction":"KillSprite","tick":"446","pairInteractionTick":"446 - KillSprite","sprite2":"sam","sprite1":"alienGreen"},{"interaction":"KillSprite","tick":"463","pairInteractionTick":"463 - KillSprite","sprite2":"sam","sprite1":"alienGreen"},{"interaction":"KillSprite","tick":"476","pairInteractionTick":"476 - KillSprite","sprite2":"sam","sprite1":"alienGreen"},{"interaction":"KillSprite","tick":"487","pairInteractionTick":"487 - KillSprite","sprite2":"sam","sprite1":"alienGreen"},{"interaction":"KillSprite","tick":"503","pairInteractionTick":"503 - KillSprite","sprite2":"sam","sprite1":"alienGreen"},{"interaction":"KillSprite","tick":"523","pairInteractionTick":"523 - KillSprite","sprite2":"sam","sprite1":"alienGreen"},{"interaction":"KillSprite","tick":"524","pairInteractionTick":"524 - KillSprite","sprite2":"sam","sprite1":"alienGreen"},{"interaction":"KillSprite","tick":"557","pairInteractionTick":"557 - KillSprite","sprite2":"sam","sprite1":"alienGreen"},{"interaction":"KillSprite","tick":"573","pairInteractionTick":"573 - KillSprite","sprite2":"sam","sprite1":"alienGreen"}]