[{"interaction":"KillSprite","tick":"37","pairInteractionTick":"37 - KillSprite","sprite2":"sam","sprite1":"alienGreen"},{"interaction":"KillBoth","tick":"46","pairInteractionTick":"46 - KillBoth","sprite2":"bomb","sprite1":"base"},{"interaction":"KillSprite","tick":"49","pairInteractionTick":"49 - KillSprite","sprite2":"sam","sprite1":"alienGreen"},{"interaction":"KillBoth","tick":"59","pairInteractionTick":"59 - KillBoth","sprite2":"sam","sprite1":"base"},{"interaction":"KillSprite","tick":"70","pairInteractionTick":"70 - KillSprite","sprite2":"sam","sprite1":"alienGreen"},{"interaction":"KillSprite","tick":"83","pairInteractionTick":"83 - KillSprite","sprite2":"sam","sprite1":"alienGreen"},{"interaction":"KillSprite","tick":"101","pairInteractionTick":"101 - KillSprite","sprite2":"sam","sprite1":"alienGreen"},{"interaction":"KillBoth","tick":"108","pairInteractionTick":"108 - KillBoth","sprite2":"bomb","sprite1":"base"},{"interaction":"KillBoth","tick":"112","pairInteractionTick":"112 - KillBoth","sprite2":"sam","sprite1":"base"},{"interaction":"KillSprite","tick":"123","pairInteractionTick":"123 - KillSprite","sprite2":"sam","sprite1":"alienGreen"},{"interaction":"KillSprite","tick":"148","pairInteractionTick":"148 - KillSprite","sprite2":"sam","sprite1":"alienGreen"},{"interaction":"KillSprite","tick":"162","pairInteractionTick":"162 - KillSprite","sprite2":"sam","sprite1":"alienGreen"},{"interaction":"KillSprite","tick":"174","pairInteractionTick":"174 - KillSprite","sprite2":"sam","sprite1":"alienGreen"},{"interaction":"KillSprite","tick":"186","pairInteractionTick":"186 - KillSprite","sprite2":"sam","sprite1":"alienGreen"},{"interaction":"KillBoth","tick":"196","pairInteractionTick":"196 - KillBoth","sprite2":"sam","sprite1":"base"},{"interaction":"KillSprite","tick":"207","pairInteractionTick":"207 - KillSprite","sprite2":"sam","sprite1":"alienGreen"},{"interaction":"KillSprite","tick":"217","pairInteractionTick":"217 - KillSprite","sprite2":"sam","sprite1":"alienGreen"},{"interaction":"KillSprite","tick":"230","pairInteractionTick":"230 - KillSprite","sprite2":"sam","sprite1":"alienGreen"},{"interaction":"KillSprite","tick":"231","pairInteractionTick":"231 - KillSprite","sprite2":"sam","sprite1":"alienGreen"},{"interaction":"KillSprite","tick":"241","pairInteractionTick":"241 - KillSprite","sprite2":"sam","sprite1":"alienGreen"},{"interaction":"KillSprite","tick":"255","pairInteractionTick":"255 - KillSprite","sprite2":"sam","sprite1":"alienGreen"},{"interaction":"KillSprite","tick":"270","pairInteractionTick":"270 - KillSprite","sprite2":"sam","sprite1":"alienGreen"},{"interaction":"KillSprite","tick":"293","pairInteractionTick":"293 - KillSprite","sprite2":"sam","sprite1":"alienGreen"},{"interaction":"KillSprite","tick":"305","pairInteractionTick":"305 - KillSprite","sprite2":"sam","sprite1":"alienGreen"},{"interaction":"KillSprite","tick":"320","pairInteractionTick":"320 - KillSprite","sprite2":"sam","sprite1":"alienGreen"}]