[{"interaction":"KillBoth","tick":"63","pairInteractionTick":"63 - KillBoth","sprite2":"bomb","sprite1":"base"},{"interaction":"KillBoth","tick":"63","pairInteractionTick":"63 - KillBoth","sprite2":"bomb","sprite1":"base"},{"interaction":"KillBoth","tick":"175","pairInteractionTick":"175 - KillBoth","sprite2":"bomb","sprite1":"base"},{"interaction":"KillBoth","tick":"176","pairInteractionTick":"176 - KillBoth","sprite2":"bomb","sprite1":"base"},{"interaction":"KillSprite","tick":"215","pairInteractionTick":"215 - KillSprite","sprite2":"alienBlue","sprite1":"base"},{"interaction":"KillSprite","tick":"215","pairInteractionTick":"215 - KillSprite","sprite2":"alienBlue","sprite1":"base"},{"interaction":"KillSprite","tick":"218","pairInteractionTick":"218 - KillSprite","sprite2":"alienBlue","sprite1":"base"},{"interaction":"KillSprite","tick":"218","pairInteractionTick":"218 - KillSprite","sprite2":"alienBlue","sprite1":"base"},{"interaction":"KillSprite","tick":"221","pairInteractionTick":"221 - KillSprite","sprite2":"alienBlue","sprite1":"base"},{"interaction":"KillSprite","tick":"221","pairInteractionTick":"221 - KillSprite","sprite2":"alienBlue","sprite1":"base"},{"interaction":"KillBoth","tick":"227","pairInteractionTick":"227 - KillBoth","sprite2":"bomb","sprite1":"base"},{"interaction":"KillBoth","tick":"227","pairInteractionTick":"227 - KillBoth","sprite2":"bomb","sprite1":"base"},{"interaction":"KillSprite","tick":"251","pairInteractionTick":"251 - KillSprite","sprite2":"alienBlue","sprite1":"base"},{"interaction":"KillSprite","tick":"254","pairInteractionTick":"254 - KillSprite","sprite2":"alienBlue","sprite1":"base"},{"interaction":"KillSprite","tick":"260","pairInteractionTick":"260 - KillSprite","sprite2":"alienBlue","sprite1":"base"},{"interaction":"KillSprite","tick":"263","pairInteractionTick":"263 - KillSprite","sprite2":"alienBlue","sprite1":"base"},{"interaction":"KillBoth","tick":"266","pairInteractionTick":"266 - KillBoth","sprite2":"bomb","sprite1":"base"},{"interaction":"KillBoth","tick":"266","pairInteractionTick":"266 - KillBoth","sprite2":"bomb","sprite1":"base"},{"interaction":"KillBoth","tick":"288","pairInteractionTick":"288 - KillBoth","sprite2":"bomb","sprite1":"base"},{"interaction":"KillBoth","tick":"288","pairInteractionTick":"288 - KillBoth","sprite2":"bomb","sprite1":"base"},{"interaction":"KillBoth","tick":"297","pairInteractionTick":"297 - KillBoth","sprite2":"bomb","sprite1":"base"},{"interaction":"KillSprite","tick":"299","pairInteractionTick":"299 - KillSprite","sprite2":"alienBlue","sprite1":"base"},{"interaction":"KillSprite","tick":"302","pairInteractionTick":"302 - KillSprite","sprite2":"alienBlue","sprite1":"base"},{"interaction":"KillBoth","tick":"303","pairInteractionTick":"303 - KillBoth","sprite2":"bomb","sprite1":"base"},{"interaction":"KillBoth","tick":"303","pairInteractionTick":"303 - KillBoth","sprite2":"bomb","sprite1":"base"},{"interaction":"KillBoth","tick":"309","pairInteractionTick":"309 - KillBoth","sprite2":"bomb","sprite1":"base"},{"interaction":"KillBoth","tick":"309","pairInteractionTick":"309 - KillBoth","sprite2":"bomb","sprite1":"base"},{"interaction":"KillSprite","tick":"311","pairInteractionTick":"311 - KillSprite","sprite2":"bomb","sprite1":"avatar"}]