[{"interaction":"KillBoth","tick":"3","pairInteractionTick":"3 - KillBoth","sprite2":"sam","sprite1":"base"},{"interaction":"KillBoth","tick":"5","pairInteractionTick":"5 - KillBoth","sprite2":"sam","sprite1":"base"},{"interaction":"KillBoth","tick":"7","pairInteractionTick":"7 - KillBoth","sprite2":"sam","sprite1":"base"},{"interaction":"KillBoth","tick":"10","pairInteractionTick":"10 - KillBoth","sprite2":"sam","sprite1":"base"},{"interaction":"KillBoth","tick":"13","pairInteractionTick":"13 - KillBoth","sprite2":"sam","sprite1":"base"},{"interaction":"KillBoth","tick":"16","pairInteractionTick":"16 - KillBoth","sprite2":"sam","sprite1":"base"},{"interaction":"KillBoth","tick":"18","pairInteractionTick":"18 - KillBoth","sprite2":"sam","sprite1":"base"},{"interaction":"KillBoth","tick":"20","pairInteractionTick":"20 - KillBoth","sprite2":"sam","sprite1":"base"},{"interaction":"KillBoth","tick":"23","pairInteractionTick":"23 - KillBoth","sprite2":"sam","sprite1":"base"},{"interaction":"KillBoth","tick":"26","pairInteractionTick":"26 - KillBoth","sprite2":"sam","sprite1":"base"},{"interaction":"KillBoth","tick":"29","pairInteractionTick":"29 - KillBoth","sprite2":"sam","sprite1":"base"},{"interaction":"KillBoth","tick":"34","pairInteractionTick":"34 - KillBoth","sprite2":"sam","sprite1":"base"},{"interaction":"KillBoth","tick":"37","pairInteractionTick":"37 - KillBoth","sprite2":"sam","sprite1":"base"},{"interaction":"KillBoth","tick":"40","pairInteractionTick":"40 - KillBoth","sprite2":"sam","sprite1":"base"},{"interaction":"KillBoth","tick":"42","pairInteractionTick":"42 - KillBoth","sprite2":"sam","sprite1":"base"},{"interaction":"KillBoth","tick":"45","pairInteractionTick":"45 - KillBoth","sprite2":"sam","sprite1":"base"},{"interaction":"KillBoth","tick":"48","pairInteractionTick":"48 - KillBoth","sprite2":"sam","sprite1":"base"},{"interaction":"KillBoth","tick":"53","pairInteractionTick":"53 - KillBoth","sprite2":"sam","sprite1":"base"},{"interaction":"KillBoth","tick":"59","pairInteractionTick":"59 - KillBoth","sprite2":"sam","sprite1":"base"},{"interaction":"KillBoth","tick":"66","pairInteractionTick":"66 - KillBoth","sprite2":"sam","sprite1":"base"},{"interaction":"KillBoth","tick":"73","pairInteractionTick":"73 - KillBoth","sprite2":"sam","sprite1":"base"},{"interaction":"KillBoth","tick":"80","pairInteractionTick":"80 - KillBoth","sprite2":"sam","sprite1":"base"},{"interaction":"KillBoth","tick":"87","pairInteractionTick":"87 - KillBoth","sprite2":"sam","sprite1":"base"},{"interaction":"KillBoth","tick":"93","pairInteractionTick":"93 - KillBoth","sprite2":"sam","sprite1":"base"},{"interaction":"KillBoth","tick":"98","pairInteractionTick":"98 - KillBoth","sprite2":"sam","sprite1":"base"},{"interaction":"KillBoth","tick":"100","pairInteractionTick":"100 - KillBoth","sprite2":"sam","sprite1":"base"},{"interaction":"KillBoth","tick":"102","pairInteractionTick":"102 - KillBoth","sprite2":"sam","sprite1":"base"},{"interaction":"KillBoth","tick":"104","pairInteractionTick":"104 - KillBoth","sprite2":"sam","sprite1":"base"},{"interaction":"KillBoth","tick":"106","pairInteractionTick":"106 - KillBoth","sprite2":"sam","sprite1":"base"},{"interaction":"KillBoth","tick":"109","pairInteractionTick":"109 - KillBoth","sprite2":"sam","sprite1":"base"},{"interaction":"KillBoth","tick":"112","pairInteractionTick":"112 - KillBoth","sprite2":"sam","sprite1":"base"},{"interaction":"KillBoth","tick":"115","pairInteractionTick":"115 - KillBoth","sprite2":"sam","sprite1":"base"},{"interaction":"KillBoth","tick":"118","pairInteractionTick":"118 - KillBoth","sprite2":"sam","sprite1":"base"},{"interaction":"KillBoth","tick":"124","pairInteractionTick":"124 - KillBoth","sprite2":"sam","sprite1":"base"},{"interaction":"KillBoth","tick":"131","pairInteractionTick":"131 - KillBoth","sprite2":"sam","sprite1":"base"},{"interaction":"KillBoth","tick":"138","pairInteractionTick":"138 - KillBoth","sprite2":"sam","sprite1":"base"},{"interaction":"KillBoth","tick":"141","pairInteractionTick":"141 - KillBoth","sprite2":"sam","sprite1":"base"},{"interaction":"KillSprite","tick":"151","pairInteractionTick":"151 - KillSprite","sprite2":"sam","sprite1":"alienBlue"},{"interaction":"KillSprite","tick":"152","pairInteractionTick":"152 - KillSprite","sprite2":"sam","sprite1":"alienBlue"},{"interaction":"KillBoth","tick":"164","pairInteractionTick":"164 - KillBoth","sprite2":"sam","sprite1":"base"},{"interaction":"KillBoth","tick":"171","pairInteractionTick":"171 - KillBoth","sprite2":"sam","sprite1":"base"},{"interaction":"KillBoth","tick":"178","pairInteractionTick":"178 - KillBoth","sprite2":"sam","sprite1":"base"},{"interaction":"KillSprite","tick":"189","pairInteractionTick":"189 - KillSprite","sprite2":"sam","sprite1":"alienBlue"},{"interaction":"KillSprite","tick":"204","pairInteractionTick":"204 - KillSprite","sprite2":"sam","sprite1":"alienBlue"},{"interaction":"KillBoth","tick":"213","pairInteractionTick":"213 - KillBoth","sprite2":"sam","sprite1":"base"},{"interaction":"KillSprite","tick":"215","pairInteractionTick":"215 - KillSprite","sprite2":"alienBlue","sprite1":"base"},{"interaction":"KillSprite","tick":"215","pairInteractionTick":"215 - KillSprite","sprite2":"alienBlue","sprite1":"base"},{"interaction":"KillSprite","tick":"218","pairInteractionTick":"218 - KillSprite","sprite2":"alienBlue","sprite1":"base"},{"interaction":"KillSprite","tick":"218","pairInteractionTick":"218 - KillSprite","sprite2":"alienBlue","sprite1":"base"},{"interaction":"KillSprite","tick":"221","pairInteractionTick":"221 - KillSprite","sprite2":"alienBlue","sprite1":"base"},{"interaction":"KillSprite","tick":"221","pairInteractionTick":"221 - KillSprite","sprite2":"alienBlue","sprite1":"base"},{"interaction":"KillSprite","tick":"224","pairInteractionTick":"224 - KillSprite","sprite2":"sam","sprite1":"alienBlue"},{"interaction":"KillSprite","tick":"236","pairInteractionTick":"236 - KillSprite","sprite2":"sam","sprite1":"alienBlue"},{"interaction":"KillSprite","tick":"239","pairInteractionTick":"239 - KillSprite","sprite2":"sam","sprite1":"alienBlue"},{"interaction":"KillSprite","tick":"247","pairInteractionTick":"247 - KillSprite","sprite2":"sam","sprite1":"alienBlue"},{"interaction":"KillSprite","tick":"276","pairInteractionTick":"276 - KillSprite","sprite2":"sam","sprite1":"alienBlue"},{"interaction":"KillSprite","tick":"289","pairInteractionTick":"289 - KillSprite","sprite2":"sam","sprite1":"alienBlue"},{"interaction":"KillSprite","tick":"304","pairInteractionTick":"304 - KillSprite","sprite2":"sam","sprite1":"alienBlue"},{"interaction":"KillSprite","tick":"306","pairInteractionTick":"306 - KillSprite","sprite2":"sam","sprite1":"alienBlue"},{"interaction":"KillSprite","tick":"316","pairInteractionTick":"316 - KillSprite","sprite2":"sam","sprite1":"alienBlue"},{"interaction":"KillSprite","tick":"330","pairInteractionTick":"330 - KillSprite","sprite2":"sam","sprite1":"alienBlue"},{"interaction":"KillSprite","tick":"340","pairInteractionTick":"340 - KillSprite","sprite2":"sam","sprite1":"alienBlue"},{"interaction":"KillSprite","tick":"352","pairInteractionTick":"352 - KillSprite","sprite2":"sam","sprite1":"alienBlue"},{"interaction":"KillSprite","tick":"369","pairInteractionTick":"369 - KillSprite","sprite2":"sam","sprite1":"alienBlue"},{"interaction":"KillSprite","tick":"384","pairInteractionTick":"384 - KillSprite","sprite2":"sam","sprite1":"alienBlue"},{"interaction":"KillSprite","tick":"386","pairInteractionTick":"386 - KillSprite","sprite2":"sam","sprite1":"alienBlue"},{"interaction":"KillSprite","tick":"422","pairInteractionTick":"422 - KillSprite","sprite2":"sam","sprite1":"alienBlue"}]