[{"interaction":"KillBoth","tick":"2","pairInteractionTick":"2 - KillBoth","sprite2":"sam","sprite1":"base"},{"interaction":"KillBoth","tick":"5","pairInteractionTick":"5 - KillBoth","sprite2":"sam","sprite1":"base"},{"interaction":"KillBoth","tick":"7","pairInteractionTick":"7 - KillBoth","sprite2":"sam","sprite1":"base"},{"interaction":"KillBoth","tick":"10","pairInteractionTick":"10 - KillBoth","sprite2":"sam","sprite1":"base"},{"interaction":"KillBoth","tick":"15","pairInteractionTick":"15 - KillBoth","sprite2":"sam","sprite1":"base"},{"interaction":"KillBoth","tick":"19","pairInteractionTick":"19 - KillBoth","sprite2":"sam","sprite1":"base"},{"interaction":"KillBoth","tick":"22","pairInteractionTick":"22 - KillBoth","sprite2":"sam","sprite1":"base"},{"interaction":"KillBoth","tick":"26","pairInteractionTick":"26 - KillBoth","sprite2":"sam","sprite1":"base"},{"interaction":"KillBoth","tick":"28","pairInteractionTick":"28 - KillBoth","sprite2":"sam","sprite1":"base"},{"interaction":"KillBoth","tick":"31","pairInteractionTick":"31 - KillBoth","sprite2":"sam","sprite1":"base"},{"interaction":"KillBoth","tick":"35","pairInteractionTick":"35 - KillBoth","sprite2":"sam","sprite1":"base"},{"interaction":"KillBoth","tick":"39","pairInteractionTick":"39 - KillBoth","sprite2":"sam","sprite1":"base"},{"interaction":"KillSprite","tick":"50","pairInteractionTick":"50 - KillSprite","sprite2":"sam","sprite1":"alienBlue"},{"interaction":"KillBoth","tick":"55","pairInteractionTick":"55 - KillBoth","sprite2":"bomb","sprite1":"base"},{"interaction":"KillBoth","tick":"55","pairInteractionTick":"55 - KillBoth","sprite2":"bomb","sprite1":"base"},{"interaction":"KillBoth","tick":"56","pairInteractionTick":"56 - KillBoth","sprite2":"sam","sprite1":"base"},{"interaction":"KillBoth","tick":"60","pairInteractionTick":"60 - KillBoth","sprite2":"sam","sprite1":"base"},{"interaction":"KillBoth","tick":"61","pairInteractionTick":"61 - KillBoth","sprite2":"bomb","sprite1":"base"},{"interaction":"KillBoth","tick":"62","pairInteractionTick":"62 - KillBoth","sprite2":"sam","sprite1":"base"},{"interaction":"KillBoth","tick":"65","pairInteractionTick":"65 - KillBoth","sprite2":"sam","sprite1":"base"},{"interaction":"KillBoth","tick":"68","pairInteractionTick":"68 - KillBoth","sprite2":"sam","sprite1":"base"},{"interaction":"KillBoth","tick":"72","pairInteractionTick":"72 - KillBoth","sprite2":"sam","sprite1":"base"},{"interaction":"KillBoth","tick":"75","pairInteractionTick":"75 - KillBoth","sprite2":"sam","sprite1":"base"},{"interaction":"KillBoth","tick":"78","pairInteractionTick":"78 - KillBoth","sprite2":"sam","sprite1":"base"},{"interaction":"KillBoth","tick":"82","pairInteractionTick":"82 - KillBoth","sprite2":"sam","sprite1":"base"},{"interaction":"KillSprite","tick":"93","pairInteractionTick":"93 - KillSprite","sprite2":"sam","sprite1":"alienBlue"},{"interaction":"KillBoth","tick":"97","pairInteractionTick":"97 - KillBoth","sprite2":"sam","sprite1":"base"},{"interaction":"KillBoth","tick":"99","pairInteractionTick":"99 - KillBoth","sprite2":"sam","sprite1":"base"},{"interaction":"KillBoth","tick":"103","pairInteractionTick":"103 - KillBoth","sprite2":"sam","sprite1":"base"},{"interaction":"KillBoth","tick":"117","pairInteractionTick":"117 - KillBoth","sprite2":"sam","sprite1":"base"},{"interaction":"KillBoth","tick":"120","pairInteractionTick":"120 - KillBoth","sprite2":"sam","sprite1":"base"},{"interaction":"KillSprite","tick":"132","pairInteractionTick":"132 - KillSprite","sprite2":"sam","sprite1":"alienBlue"},{"interaction":"KillBoth","tick":"135","pairInteractionTick":"135 - KillBoth","sprite2":"sam","sprite1":"base"},{"interaction":"KillBoth","tick":"137","pairInteractionTick":"137 - KillBoth","sprite2":"sam","sprite1":"base"},{"interaction":"KillBoth","tick":"140","pairInteractionTick":"140 - KillBoth","sprite2":"sam","sprite1":"base"},{"interaction":"KillBoth","tick":"142","pairInteractionTick":"142 - KillBoth","sprite2":"sam","sprite1":"base"},{"interaction":"KillBoth","tick":"144","pairInteractionTick":"144 - KillBoth","sprite2":"sam","sprite1":"base"},{"interaction":"KillBoth","tick":"147","pairInteractionTick":"147 - KillBoth","sprite2":"sam","sprite1":"base"},{"interaction":"KillBoth","tick":"150","pairInteractionTick":"150 - KillBoth","sprite2":"sam","sprite1":"base"},{"interaction":"KillBoth","tick":"152","pairInteractionTick":"152 - KillBoth","sprite2":"sam","sprite1":"base"},{"interaction":"KillBoth","tick":"157","pairInteractionTick":"157 - KillBoth","sprite2":"sam","sprite1":"base"},{"interaction":"KillBoth","tick":"161","pairInteractionTick":"161 - KillBoth","sprite2":"sam","sprite1":"base"},{"interaction":"KillSprite","tick":"170","pairInteractionTick":"170 - KillSprite","sprite2":"sam","sprite1":"alienBlue"},{"interaction":"KillSprite","tick":"182","pairInteractionTick":"182 - KillSprite","sprite2":"sam","sprite1":"alienBlue"},{"interaction":"KillSprite","tick":"184","pairInteractionTick":"184 - KillSprite","sprite2":"sam","sprite1":"alienBlue"},{"interaction":"KillSprite","tick":"197","pairInteractionTick":"197 - KillSprite","sprite2":"sam","sprite1":"alienBlue"},{"interaction":"KillSprite","tick":"209","pairInteractionTick":"209 - KillSprite","sprite2":"sam","sprite1":"alienBlue"},{"interaction":"KillBoth","tick":"213","pairInteractionTick":"213 - KillBoth","sprite2":"sam","sprite1":"base"},{"interaction":"KillSprite","tick":"224","pairInteractionTick":"224 - KillSprite","sprite2":"sam","sprite1":"alienBlue"},{"interaction":"KillSprite","tick":"236","pairInteractionTick":"236 - KillSprite","sprite2":"sam","sprite1":"alienBlue"},{"interaction":"KillSprite","tick":"246","pairInteractionTick":"246 - KillSprite","sprite2":"sam","sprite1":"alienBlue"},{"interaction":"KillSprite","tick":"258","pairInteractionTick":"258 - KillSprite","sprite2":"sam","sprite1":"alienBlue"},{"interaction":"KillBoth","tick":"264","pairInteractionTick":"264 - KillBoth","sprite2":"sam","sprite1":"base"},{"interaction":"KillBoth","tick":"271","pairInteractionTick":"271 - KillBoth","sprite2":"sam","sprite1":"base"},{"interaction":"KillBoth","tick":"274","pairInteractionTick":"274 - KillBoth","sprite2":"sam","sprite1":"base"},{"interaction":"KillSprite","tick":"295","pairInteractionTick":"295 - KillSprite","sprite2":"alienBlue","sprite1":"base"},{"interaction":"KillSprite","tick":"297","pairInteractionTick":"297 - KillSprite","sprite2":"sam","sprite1":"alienBlue"},{"interaction":"KillSprite","tick":"298","pairInteractionTick":"298 - KillSprite","sprite2":"alienBlue","sprite1":"base"},{"interaction":"KillSprite","tick":"301","pairInteractionTick":"301 - KillSprite","sprite2":"alienBlue","sprite1":"base"},{"interaction":"KillSprite","tick":"301","pairInteractionTick":"301 - KillSprite","sprite2":"alienBlue","sprite1":"base"},{"interaction":"KillSprite","tick":"310","pairInteractionTick":"310 - KillSprite","sprite2":"sam","sprite1":"alienBlue"},{"interaction":"KillSprite","tick":"319","pairInteractionTick":"319 - KillSprite","sprite2":"sam","sprite1":"alienBlue"},{"interaction":"KillSprite","tick":"322","pairInteractionTick":"322 - KillSprite","sprite2":"sam","sprite1":"alienBlue"},{"interaction":"KillSprite","tick":"354","pairInteractionTick":"354 - KillSprite","sprite2":"sam","sprite1":"alienBlue"},{"interaction":"KillSprite","tick":"365","pairInteractionTick":"365 - KillSprite","sprite2":"sam","sprite1":"alienBlue"},{"interaction":"KillSprite","tick":"377","pairInteractionTick":"377 - KillSprite","sprite2":"sam","sprite1":"alienBlue"},{"interaction":"KillSprite","tick":"389","pairInteractionTick":"389 - KillSprite","sprite2":"sam","sprite1":"alienBlue"}]