[{"interaction":"KillBoth","tick":"2","pairInteractionTick":"2 - KillBoth","sprite2":"sam","sprite1":"base"},{"interaction":"KillBoth","tick":"5","pairInteractionTick":"5 - KillBoth","sprite2":"sam","sprite1":"base"},{"interaction":"KillBoth","tick":"8","pairInteractionTick":"8 - KillBoth","sprite2":"sam","sprite1":"base"},{"interaction":"KillBoth","tick":"11","pairInteractionTick":"11 - KillBoth","sprite2":"sam","sprite1":"base"},{"interaction":"KillBoth","tick":"13","pairInteractionTick":"13 - KillBoth","sprite2":"sam","sprite1":"base"},{"interaction":"KillBoth","tick":"16","pairInteractionTick":"16 - KillBoth","sprite2":"sam","sprite1":"base"},{"interaction":"KillBoth","tick":"19","pairInteractionTick":"19 - KillBoth","sprite2":"sam","sprite1":"base"},{"interaction":"KillBoth","tick":"23","pairInteractionTick":"23 - KillBoth","sprite2":"sam","sprite1":"base"},{"interaction":"KillSprite","tick":"35","pairInteractionTick":"35 - KillSprite","sprite2":"sam","sprite1":"alienGreen"},{"interaction":"KillBoth","tick":"39","pairInteractionTick":"39 - KillBoth","sprite2":"sam","sprite1":"base"},{"interaction":"KillBoth","tick":"43","pairInteractionTick":"43 - KillBoth","sprite2":"sam","sprite1":"base"},{"interaction":"KillBoth","tick":"45","pairInteractionTick":"45 - KillBoth","sprite2":"sam","sprite1":"base"},{"interaction":"KillBoth","tick":"52","pairInteractionTick":"52 - KillBoth","sprite2":"sam","sprite1":"base"},{"interaction":"KillBoth","tick":"55","pairInteractionTick":"55 - KillBoth","sprite2":"sam","sprite1":"base"},{"interaction":"KillBoth","tick":"57","pairInteractionTick":"57 - KillBoth","sprite2":"sam","sprite1":"base"},{"interaction":"KillBoth","tick":"61","pairInteractionTick":"61 - KillBoth","sprite2":"sam","sprite1":"base"},{"interaction":"KillBoth","tick":"66","pairInteractionTick":"66 - KillBoth","sprite2":"bomb","sprite1":"base"},{"interaction":"KillSprite","tick":"76","pairInteractionTick":"76 - KillSprite","sprite2":"sam","sprite1":"alienGreen"},{"interaction":"KillBoth","tick":"79","pairInteractionTick":"79 - KillBoth","sprite2":"sam","sprite1":"base"},{"interaction":"KillBoth","tick":"81","pairInteractionTick":"81 - KillBoth","sprite2":"sam","sprite1":"base"},{"interaction":"KillBoth","tick":"84","pairInteractionTick":"84 - KillBoth","sprite2":"sam","sprite1":"base"},{"interaction":"KillBoth","tick":"88","pairInteractionTick":"88 - KillBoth","sprite2":"sam","sprite1":"base"},{"interaction":"KillBoth","tick":"91","pairInteractionTick":"91 - KillBoth","sprite2":"sam","sprite1":"base"},{"interaction":"KillSprite","tick":"102","pairInteractionTick":"102 - KillSprite","sprite2":"sam","sprite1":"alienGreen"},{"interaction":"KillBoth","tick":"105","pairInteractionTick":"105 - KillBoth","sprite2":"sam","sprite1":"base"},{"interaction":"KillBoth","tick":"108","pairInteractionTick":"108 - KillBoth","sprite2":"sam","sprite1":"base"},{"interaction":"KillBoth","tick":"110","pairInteractionTick":"110 - KillBoth","sprite2":"sam","sprite1":"base"},{"interaction":"KillBoth","tick":"113","pairInteractionTick":"113 - KillBoth","sprite2":"sam","sprite1":"base"},{"interaction":"KillBoth","tick":"117","pairInteractionTick":"117 - KillBoth","sprite2":"sam","sprite1":"base"},{"interaction":"KillBoth","tick":"120","pairInteractionTick":"120 - KillBoth","sprite2":"sam","sprite1":"base"},{"interaction":"KillBoth","tick":"124","pairInteractionTick":"124 - KillBoth","sprite2":"sam","sprite1":"base"},{"interaction":"KillBoth","tick":"128","pairInteractionTick":"128 - KillBoth","sprite2":"sam","sprite1":"base"},{"interaction":"KillSprite","tick":"138","pairInteractionTick":"138 - KillSprite","sprite2":"sam","sprite1":"alienGreen"},{"interaction":"KillSprite","tick":"140","pairInteractionTick":"140 - KillSprite","sprite2":"sam","sprite1":"alienGreen"},{"interaction":"KillSprite","tick":"152","pairInteractionTick":"152 - KillSprite","sprite2":"sam","sprite1":"alienGreen"},{"interaction":"KillSprite","tick":"164","pairInteractionTick":"164 - KillSprite","sprite2":"sam","sprite1":"alienGreen"},{"interaction":"KillSprite","tick":"176","pairInteractionTick":"176 - KillSprite","sprite2":"sam","sprite1":"alienGreen"},{"interaction":"KillSprite","tick":"188","pairInteractionTick":"188 - KillSprite","sprite2":"sam","sprite1":"alienGreen"},{"interaction":"KillSprite","tick":"200","pairInteractionTick":"200 - KillSprite","sprite2":"sam","sprite1":"alienGreen"},{"interaction":"KillSprite","tick":"212","pairInteractionTick":"212 - KillSprite","sprite2":"sam","sprite1":"alienGreen"},{"interaction":"KillSprite","tick":"224","pairInteractionTick":"224 - KillSprite","sprite2":"sam","sprite1":"alienGreen"},{"interaction":"KillBoth","tick":"232","pairInteractionTick":"232 - KillBoth","sprite2":"bomb","sprite1":"base"},{"interaction":"KillBoth","tick":"232","pairInteractionTick":"232 - KillBoth","sprite2":"bomb","sprite1":"base"},{"interaction":"KillSprite","tick":"235","pairInteractionTick":"235 - KillSprite","sprite2":"sam","sprite1":"alienGreen"},{"interaction":"KillBoth","tick":"243","pairInteractionTick":"243 - KillBoth","sprite2":"bomb","sprite1":"base"},{"interaction":"KillSprite","tick":"249","pairInteractionTick":"249 - KillSprite","sprite2":"sam","sprite1":"alienGreen"},{"interaction":"KillSprite","tick":"261","pairInteractionTick":"261 - KillSprite","sprite2":"sam","sprite1":"alienGreen"},{"interaction":"KillSprite","tick":"273","pairInteractionTick":"273 - KillSprite","sprite2":"sam","sprite1":"alienGreen"},{"interaction":"KillSprite","tick":"285","pairInteractionTick":"285 - KillSprite","sprite2":"sam","sprite1":"alienGreen"},{"interaction":"KillSprite","tick":"297","pairInteractionTick":"297 - KillSprite","sprite2":"sam","sprite1":"alienGreen"},{"interaction":"KillSprite","tick":"309","pairInteractionTick":"309 - KillSprite","sprite2":"sam","sprite1":"alienGreen"},{"interaction":"KillSprite","tick":"320","pairInteractionTick":"320 - KillSprite","sprite2":"sam","sprite1":"alienGreen"}]