[{"interaction":"KillSprite","tick":"7","pairInteractionTick":"7 - KillSprite","sprite2":"sword","sprite1":"monsterSlow"},{"interaction":"StepBack","tick":"14","pairInteractionTick":"14 - StepBack","sprite2":"wall","sprite1":"monsterQuick"},{"interaction":"StepBack","tick":"14","pairInteractionTick":"14 - StepBack","sprite2":"wall","sprite1":"monsterQuick"},{"interaction":"StepBack","tick":"16","pairInteractionTick":"16 - StepBack","sprite2":"wall","sprite1":"monsterQuick"},{"interaction":"StepBack","tick":"16","pairInteractionTick":"16 - StepBack","sprite2":"wall","sprite1":"monsterQuick"},{"interaction":"StepBack","tick":"16","pairInteractionTick":"16 - StepBack","sprite2":"wall","sprite1":"monsterNormal"},{"interaction":"StepBack","tick":"18","pairInteractionTick":"18 - StepBack","sprite2":"wall","sprite1":"monsterQuick"},{"interaction":"StepBack","tick":"18","pairInteractionTick":"18 - StepBack","sprite2":"wall","sprite1":"monsterQuick"},{"interaction":"StepBack","tick":"20","pairInteractionTick":"20 - StepBack","sprite2":"wall","sprite1":"monsterQuick"},{"interaction":"StepBack","tick":"20","pairInteractionTick":"20 - StepBack","sprite2":"wall","sprite1":"monsterNormal"},{"interaction":"StepBack","tick":"22","pairInteractionTick":"22 - StepBack","sprite2":"wall","sprite1":"monsterQuick"},{"interaction":"KillSprite","tick":"23","pairInteractionTick":"23 - KillSprite","sprite2":"sword","sprite1":"monsterQuick"},{"interaction":"StepBack","tick":"24","pairInteractionTick":"24 - StepBack","sprite2":"wall","sprite1":"monsterQuick"},{"interaction":"StepBack","tick":"24","pairInteractionTick":"24 - StepBack","sprite2":"wall","sprite1":"monsterNormal"},{"interaction":"StepBack","tick":"26","pairInteractionTick":"26 - StepBack","sprite2":"wall","sprite1":"monsterQuick"},{"interaction":"KillSprite","tick":"30","pairInteractionTick":"30 - KillSprite","sprite2":"sword","sprite1":"monsterNormal"},{"interaction":"StepBack","tick":"40","pairInteractionTick":"40 - StepBack","sprite2":"wall","sprite1":"nokey"},{"interaction":"KillSprite","tick":"49","pairInteractionTick":"49 - KillSprite","sprite2":"sword","sprite1":"monsterQuick"},{"interaction":"TransformTo","tick":"83","pairInteractionTick":"83 - TransformTo","sprite2":"key","sprite1":"nokey"},{"interaction":"StepBack","tick":"85","pairInteractionTick":"85 - StepBack","sprite2":"wall","sprite1":"withkey"},{"interaction":"StepBack","tick":"86","pairInteractionTick":"86 - StepBack","sprite2":"wall","sprite1":"withkey"},{"interaction":"KillSprite","tick":"101","pairInteractionTick":"101 - KillSprite","sprite2":"withkey","sprite1":"goal"}]