[{"interaction":"KillBoth","tick":"2","pairInteractionTick":"2 - KillBoth","sprite2":"sam","sprite1":"base"},{"interaction":"KillBoth","tick":"4","pairInteractionTick":"4 - KillBoth","sprite2":"sam","sprite1":"base"},{"interaction":"KillBoth","tick":"6","pairInteractionTick":"6 - KillBoth","sprite2":"sam","sprite1":"base"},{"interaction":"KillBoth","tick":"16","pairInteractionTick":"16 - KillBoth","sprite2":"sam","sprite1":"base"},{"interaction":"KillBoth","tick":"18","pairInteractionTick":"18 - KillBoth","sprite2":"sam","sprite1":"base"},{"interaction":"KillBoth","tick":"20","pairInteractionTick":"20 - KillBoth","sprite2":"sam","sprite1":"base"},{"interaction":"KillBoth","tick":"23","pairInteractionTick":"23 - KillBoth","sprite2":"sam","sprite1":"base"},{"interaction":"KillBoth","tick":"26","pairInteractionTick":"26 - KillBoth","sprite2":"sam","sprite1":"base"},{"interaction":"KillBoth","tick":"30","pairInteractionTick":"30 - KillBoth","sprite2":"sam","sprite1":"base"},{"interaction":"KillBoth","tick":"33","pairInteractionTick":"33 - KillBoth","sprite2":"sam","sprite1":"base"},{"interaction":"KillBoth","tick":"37","pairInteractionTick":"37 - KillBoth","sprite2":"sam","sprite1":"base"},{"interaction":"KillBoth","tick":"42","pairInteractionTick":"42 - KillBoth","sprite2":"sam","sprite1":"base"},{"interaction":"KillBoth","tick":"44","pairInteractionTick":"44 - KillBoth","sprite2":"sam","sprite1":"base"},{"interaction":"KillBoth","tick":"46","pairInteractionTick":"46 - KillBoth","sprite2":"sam","sprite1":"base"},{"interaction":"KillBoth","tick":"49","pairInteractionTick":"49 - KillBoth","sprite2":"sam","sprite1":"base"},{"interaction":"KillBoth","tick":"52","pairInteractionTick":"52 - KillBoth","sprite2":"sam","sprite1":"base"},{"interaction":"KillBoth","tick":"57","pairInteractionTick":"57 - KillBoth","sprite2":"sam","sprite1":"base"},{"interaction":"KillBoth","tick":"60","pairInteractionTick":"60 - KillBoth","sprite2":"sam","sprite1":"base"},{"interaction":"KillBoth","tick":"61","pairInteractionTick":"61 - KillBoth","sprite2":"bomb","sprite1":"base"},{"interaction":"KillBoth","tick":"63","pairInteractionTick":"63 - KillBoth","sprite2":"sam","sprite1":"base"},{"interaction":"KillBoth","tick":"67","pairInteractionTick":"67 - KillBoth","sprite2":"sam","sprite1":"base"},{"interaction":"KillBoth","tick":"70","pairInteractionTick":"70 - KillBoth","sprite2":"sam","sprite1":"base"},{"interaction":"KillBoth","tick":"73","pairInteractionTick":"73 - KillBoth","sprite2":"sam","sprite1":"base"},{"interaction":"KillBoth","tick":"77","pairInteractionTick":"77 - KillBoth","sprite2":"sam","sprite1":"base"},{"interaction":"KillBoth","tick":"81","pairInteractionTick":"81 - KillBoth","sprite2":"sam","sprite1":"base"},{"interaction":"KillBoth","tick":"88","pairInteractionTick":"88 - KillBoth","sprite2":"sam","sprite1":"base"},{"interaction":"KillBoth","tick":"91","pairInteractionTick":"91 - KillBoth","sprite2":"sam","sprite1":"base"},{"interaction":"KillBoth","tick":"95","pairInteractionTick":"95 - KillBoth","sprite2":"sam","sprite1":"base"},{"interaction":"KillBoth","tick":"99","pairInteractionTick":"99 - KillBoth","sprite2":"sam","sprite1":"base"},{"interaction":"KillBoth","tick":"103","pairInteractionTick":"103 - KillBoth","sprite2":"sam","sprite1":"base"},{"interaction":"KillBoth","tick":"108","pairInteractionTick":"108 - KillBoth","sprite2":"sam","sprite1":"base"},{"interaction":"KillSprite","tick":"125","pairInteractionTick":"125 - KillSprite","sprite2":"sam","sprite1":"alienBlue"},{"interaction":"KillBoth","tick":"128","pairInteractionTick":"128 - KillBoth","sprite2":"sam","sprite1":"base"},{"interaction":"KillBoth","tick":"133","pairInteractionTick":"133 - KillBoth","sprite2":"sam","sprite1":"base"},{"interaction":"KillBoth","tick":"137","pairInteractionTick":"137 - KillBoth","sprite2":"sam","sprite1":"base"},{"interaction":"KillBoth","tick":"139","pairInteractionTick":"139 - KillBoth","sprite2":"sam","sprite1":"base"},{"interaction":"KillBoth","tick":"143","pairInteractionTick":"143 - KillBoth","sprite2":"sam","sprite1":"base"},{"interaction":"KillBoth","tick":"147","pairInteractionTick":"147 - KillBoth","sprite2":"sam","sprite1":"base"},{"interaction":"KillBoth","tick":"150","pairInteractionTick":"150 - KillBoth","sprite2":"sam","sprite1":"base"},{"interaction":"KillBoth","tick":"154","pairInteractionTick":"154 - KillBoth","sprite2":"sam","sprite1":"base"},{"interaction":"KillBoth","tick":"158","pairInteractionTick":"158 - KillBoth","sprite2":"sam","sprite1":"base"},{"interaction":"KillBoth","tick":"163","pairInteractionTick":"163 - KillBoth","sprite2":"sam","sprite1":"base"},{"interaction":"KillBoth","tick":"172","pairInteractionTick":"172 - KillBoth","sprite2":"sam","sprite1":"base"},{"interaction":"KillSprite","tick":"186","pairInteractionTick":"186 - KillSprite","sprite2":"sam","sprite1":"alienBlue"},{"interaction":"KillBoth","tick":"196","pairInteractionTick":"196 - KillBoth","sprite2":"sam","sprite1":"base"},{"interaction":"KillBoth","tick":"205","pairInteractionTick":"205 - KillBoth","sprite2":"sam","sprite1":"base"},{"interaction":"KillSprite","tick":"214","pairInteractionTick":"214 - KillSprite","sprite2":"sam","sprite1":"alienBlue"},{"interaction":"KillSprite","tick":"215","pairInteractionTick":"215 - KillSprite","sprite2":"alienBlue","sprite1":"base"},{"interaction":"KillSprite","tick":"216","pairInteractionTick":"216 - KillSprite","sprite2":"sam","sprite1":"alienBlue"},{"interaction":"KillSprite","tick":"218","pairInteractionTick":"218 - KillSprite","sprite2":"alienBlue","sprite1":"base"},{"interaction":"KillSprite","tick":"221","pairInteractionTick":"221 - KillSprite","sprite2":"alienBlue","sprite1":"base"},{"interaction":"KillSprite","tick":"229","pairInteractionTick":"229 - KillSprite","sprite2":"sam","sprite1":"alienBlue"},{"interaction":"KillSprite","tick":"243","pairInteractionTick":"243 - KillSprite","sprite2":"sam","sprite1":"alienBlue"},{"interaction":"KillSprite","tick":"256","pairInteractionTick":"256 - KillSprite","sprite2":"sam","sprite1":"alienBlue"},{"interaction":"KillSprite","tick":"258","pairInteractionTick":"258 - KillSprite","sprite2":"sam","sprite1":"alienBlue"},{"interaction":"KillSprite","tick":"269","pairInteractionTick":"269 - KillSprite","sprite2":"sam","sprite1":"alienBlue"},{"interaction":"KillSprite","tick":"286","pairInteractionTick":"286 - KillSprite","sprite2":"sam","sprite1":"alienBlue"},{"interaction":"KillSprite","tick":"298","pairInteractionTick":"298 - KillSprite","sprite2":"sam","sprite1":"alienBlue"},{"interaction":"KillSprite","tick":"310","pairInteractionTick":"310 - KillSprite","sprite2":"sam","sprite1":"alienBlue"},{"interaction":"KillSprite","tick":"328","pairInteractionTick":"328 - KillSprite","sprite2":"sam","sprite1":"alienBlue"},{"interaction":"KillSprite","tick":"330","pairInteractionTick":"330 - KillSprite","sprite2":"sam","sprite1":"alienBlue"},{"interaction":"KillSprite","tick":"357","pairInteractionTick":"357 - KillSprite","sprite2":"sam","sprite1":"alienBlue"},{"interaction":"KillSprite","tick":"380","pairInteractionTick":"380 - KillSprite","sprite2":"sam","sprite1":"alienBlue"},{"interaction":"KillSprite","tick":"392","pairInteractionTick":"392 - KillSprite","sprite2":"sam","sprite1":"alienBlue"},{"interaction":"KillSprite","tick":"407","pairInteractionTick":"407 - KillSprite","sprite2":"sam","sprite1":"alienBlue"},{"interaction":"KillSprite","tick":"419","pairInteractionTick":"419 - KillSprite","sprite2":"sam","sprite1":"alienBlue"},{"interaction":"KillSprite","tick":"439","pairInteractionTick":"439 - KillSprite","sprite2":"sam","sprite1":"alienBlue"}]