[{"interaction":"TransformTo","tick":"13","pairInteractionTick":"13 - TransformTo","sprite2":"key","sprite1":"nokey"},{"interaction":"StepBack","tick":"20","pairInteractionTick":"20 - StepBack","sprite2":"wall","sprite1":"withkey"},{"interaction":"StepBack","tick":"20","pairInteractionTick":"20 - StepBack","sprite2":"wall","sprite1":"monsterNormal"},{"interaction":"StepBack","tick":"20","pairInteractionTick":"20 - StepBack","sprite2":"monsterNormal","sprite1":"monsterNormal"},{"interaction":"StepBack","tick":"20","pairInteractionTick":"20 - StepBack","sprite2":"monsterNormal","sprite1":"monsterNormal"},{"interaction":"StepBack","tick":"24","pairInteractionTick":"24 - StepBack","sprite2":"wall","sprite1":"monsterNormal"},{"interaction":"StepBack","tick":"24","pairInteractionTick":"24 - StepBack","sprite2":"wall","sprite1":"monsterNormal"},{"interaction":"StepBack","tick":"24","pairInteractionTick":"24 - StepBack","sprite2":"monsterNormal","sprite1":"monsterNormal"},{"interaction":"StepBack","tick":"24","pairInteractionTick":"24 - StepBack","sprite2":"monsterNormal","sprite1":"monsterNormal"},{"interaction":"StepBack","tick":"28","pairInteractionTick":"28 - StepBack","sprite2":"wall","sprite1":"monsterNormal"},{"interaction":"StepBack","tick":"28","pairInteractionTick":"28 - StepBack","sprite2":"monsterNormal","sprite1":"monsterNormal"},{"interaction":"StepBack","tick":"32","pairInteractionTick":"32 - StepBack","sprite2":"wall","sprite1":"monsterNormal"},{"interaction":"StepBack","tick":"52","pairInteractionTick":"52 - StepBack","sprite2":"wall","sprite1":"monsterNormal"},{"interaction":"KillSprite","tick":"60","pairInteractionTick":"60 - KillSprite","sprite2":"sword","sprite1":"monsterNormal"},{"interaction":"KillSprite","tick":"67","pairInteractionTick":"67 - KillSprite","sprite2":"sword","sprite1":"monsterNormal"},{"interaction":"KillSprite","tick":"75","pairInteractionTick":"75 - KillSprite","sprite2":"withkey","sprite1":"goal"}]