[{"interaction":"KillBoth","tick":"37","pairInteractionTick":"37 - KillBoth","sprite2":"sam","sprite1":"base"},{"interaction":"KillSprite","tick":"94","pairInteractionTick":"94 - KillSprite","sprite2":"sam","sprite1":"alienGreen"},{"interaction":"KillBoth","tick":"105","pairInteractionTick":"105 - KillBoth","sprite2":"sam","sprite1":"base"},{"interaction":"KillSprite","tick":"138","pairInteractionTick":"138 - KillSprite","sprite2":"sam","sprite1":"alienGreen"},{"interaction":"KillSprite","tick":"208","pairInteractionTick":"208 - KillSprite","sprite2":"sam","sprite1":"alienGreen"},{"interaction":"KillSprite","tick":"215","pairInteractionTick":"215 - KillSprite","sprite2":"alienGreen","sprite1":"base"},{"interaction":"KillSprite","tick":"215","pairInteractionTick":"215 - KillSprite","sprite2":"alienGreen","sprite1":"base"},{"interaction":"KillSprite","tick":"218","pairInteractionTick":"218 - KillSprite","sprite2":"alienGreen","sprite1":"base"},{"interaction":"KillSprite","tick":"218","pairInteractionTick":"218 - KillSprite","sprite2":"alienGreen","sprite1":"base"},{"interaction":"KillSprite","tick":"227","pairInteractionTick":"227 - KillSprite","sprite2":"sam","sprite1":"alienGreen"},{"interaction":"KillSprite","tick":"229","pairInteractionTick":"229 - KillSprite","sprite2":"sam","sprite1":"alienGreen"},{"interaction":"KillSprite","tick":"237","pairInteractionTick":"237 - KillSprite","sprite2":"sam","sprite1":"alienGreen"},{"interaction":"KillSprite","tick":"241","pairInteractionTick":"241 - KillSprite","sprite2":"sam","sprite1":"alienGreen"},{"interaction":"KillSprite","tick":"277","pairInteractionTick":"277 - KillSprite","sprite2":"sam","sprite1":"alienGreen"},{"interaction":"KillSprite","tick":"292","pairInteractionTick":"292 - KillSprite","sprite2":"sam","sprite1":"alienGreen"},{"interaction":"KillSprite","tick":"294","pairInteractionTick":"294 - KillSprite","sprite2":"sam","sprite1":"alienGreen"},{"interaction":"KillSprite","tick":"312","pairInteractionTick":"312 - KillSprite","sprite2":"sam","sprite1":"alienGreen"},{"interaction":"KillSprite","tick":"330","pairInteractionTick":"330 - KillSprite","sprite2":"sam","sprite1":"alienGreen"},{"interaction":"KillSprite","tick":"362","pairInteractionTick":"362 - KillSprite","sprite2":"sam","sprite1":"alienGreen"},{"interaction":"KillSprite","tick":"363","pairInteractionTick":"363 - KillSprite","sprite2":"sam","sprite1":"alienGreen"},{"interaction":"KillSprite","tick":"376","pairInteractionTick":"376 - KillSprite","sprite2":"sam","sprite1":"alienGreen"},{"interaction":"KillSprite","tick":"388","pairInteractionTick":"388 - KillSprite","sprite2":"sam","sprite1":"alienGreen"},{"interaction":"KillSprite","tick":"403","pairInteractionTick":"403 - KillSprite","sprite2":"sam","sprite1":"alienGreen"},{"interaction":"KillSprite","tick":"435","pairInteractionTick":"435 - KillSprite","sprite2":"sam","sprite1":"alienGreen"},{"interaction":"KillSprite","tick":"449","pairInteractionTick":"449 - KillSprite","sprite2":"sam","sprite1":"alienGreen"},{"interaction":"KillSprite","tick":"469","pairInteractionTick":"469 - KillSprite","sprite2":"sam","sprite1":"alienGreen"}]