[{"interaction":"KillBoth","tick":"2","pairInteractionTick":"2 - KillBoth","sprite2":"sam","sprite1":"base"},{"interaction":"KillBoth","tick":"4","pairInteractionTick":"4 - KillBoth","sprite2":"sam","sprite1":"base"},{"interaction":"KillBoth","tick":"6","pairInteractionTick":"6 - KillBoth","sprite2":"sam","sprite1":"base"},{"interaction":"KillBoth","tick":"9","pairInteractionTick":"9 - KillBoth","sprite2":"sam","sprite1":"base"},{"interaction":"KillBoth","tick":"12","pairInteractionTick":"12 - KillBoth","sprite2":"sam","sprite1":"base"},{"interaction":"KillBoth","tick":"15","pairInteractionTick":"15 - KillBoth","sprite2":"sam","sprite1":"base"},{"interaction":"KillBoth","tick":"17","pairInteractionTick":"17 - KillBoth","sprite2":"sam","sprite1":"base"},{"interaction":"KillBoth","tick":"19","pairInteractionTick":"19 - KillBoth","sprite2":"sam","sprite1":"base"},{"interaction":"KillBoth","tick":"22","pairInteractionTick":"22 - KillBoth","sprite2":"sam","sprite1":"base"},{"interaction":"KillBoth","tick":"25","pairInteractionTick":"25 - KillBoth","sprite2":"sam","sprite1":"base"},{"interaction":"KillBoth","tick":"28","pairInteractionTick":"28 - KillBoth","sprite2":"sam","sprite1":"base"},{"interaction":"KillBoth","tick":"34","pairInteractionTick":"34 - KillBoth","sprite2":"sam","sprite1":"base"},{"interaction":"KillBoth","tick":"36","pairInteractionTick":"36 - KillBoth","sprite2":"sam","sprite1":"base"},{"interaction":"KillBoth","tick":"39","pairInteractionTick":"39 - KillBoth","sprite2":"sam","sprite1":"base"},{"interaction":"KillBoth","tick":"42","pairInteractionTick":"42 - KillBoth","sprite2":"sam","sprite1":"base"},{"interaction":"KillBoth","tick":"44","pairInteractionTick":"44 - KillBoth","sprite2":"sam","sprite1":"base"},{"interaction":"KillBoth","tick":"47","pairInteractionTick":"47 - KillBoth","sprite2":"sam","sprite1":"base"},{"interaction":"KillBoth","tick":"50","pairInteractionTick":"50 - KillBoth","sprite2":"sam","sprite1":"base"},{"interaction":"KillBoth","tick":"53","pairInteractionTick":"53 - KillBoth","sprite2":"sam","sprite1":"base"},{"interaction":"KillBoth","tick":"65","pairInteractionTick":"65 - KillBoth","sprite2":"sam","sprite1":"base"},{"interaction":"KillBoth","tick":"71","pairInteractionTick":"71 - KillBoth","sprite2":"sam","sprite1":"base"},{"interaction":"KillBoth","tick":"73","pairInteractionTick":"73 - KillBoth","sprite2":"sam","sprite1":"base"},{"interaction":"KillBoth","tick":"75","pairInteractionTick":"75 - KillBoth","sprite2":"sam","sprite1":"base"},{"interaction":"KillBoth","tick":"77","pairInteractionTick":"77 - KillBoth","sprite2":"sam","sprite1":"base"},{"interaction":"KillBoth","tick":"79","pairInteractionTick":"79 - KillBoth","sprite2":"sam","sprite1":"base"},{"interaction":"KillBoth","tick":"82","pairInteractionTick":"82 - KillBoth","sprite2":"sam","sprite1":"base"},{"interaction":"KillBoth","tick":"85","pairInteractionTick":"85 - KillBoth","sprite2":"sam","sprite1":"base"},{"interaction":"KillBoth","tick":"87","pairInteractionTick":"87 - KillBoth","sprite2":"sam","sprite1":"base"},{"interaction":"KillBoth","tick":"90","pairInteractionTick":"90 - KillBoth","sprite2":"sam","sprite1":"base"},{"interaction":"KillBoth","tick":"93","pairInteractionTick":"93 - KillBoth","sprite2":"sam","sprite1":"base"},{"interaction":"KillSprite","tick":"118","pairInteractionTick":"118 - KillSprite","sprite2":"sam","sprite1":"alienBlue"},{"interaction":"KillSprite","tick":"131","pairInteractionTick":"131 - KillSprite","sprite2":"sam","sprite1":"alienBlue"},{"interaction":"KillBoth","tick":"156","pairInteractionTick":"156 - KillBoth","sprite2":"bomb","sprite1":"base"},{"interaction":"KillBoth","tick":"156","pairInteractionTick":"156 - KillBoth","sprite2":"bomb","sprite1":"base"},{"interaction":"KillSprite","tick":"167","pairInteractionTick":"167 - KillSprite","sprite2":"sam","sprite1":"alienBlue"},{"interaction":"KillBoth","tick":"171","pairInteractionTick":"171 - KillBoth","sprite2":"sam","sprite1":"base"},{"interaction":"KillBoth","tick":"191","pairInteractionTick":"191 - KillBoth","sprite2":"sam","sprite1":"base"},{"interaction":"KillBoth","tick":"200","pairInteractionTick":"200 - KillBoth","sprite2":"sam","sprite1":"base"},{"interaction":"KillSprite","tick":"211","pairInteractionTick":"211 - KillSprite","sprite2":"sam","sprite1":"alienBlue"},{"interaction":"KillBoth","tick":"229","pairInteractionTick":"229 - KillBoth","sprite2":"bomb","sprite1":"base"},{"interaction":"KillBoth","tick":"244","pairInteractionTick":"244 - KillBoth","sprite2":"sam","sprite1":"base"},{"interaction":"KillSprite","tick":"253","pairInteractionTick":"253 - KillSprite","sprite2":"sam","sprite1":"alienBlue"},{"interaction":"KillSprite","tick":"263","pairInteractionTick":"263 - KillSprite","sprite2":"alienBlue","sprite1":"base"},{"interaction":"KillSprite","tick":"266","pairInteractionTick":"266 - KillSprite","sprite2":"alienBlue","sprite1":"base"},{"interaction":"KillSprite","tick":"266","pairInteractionTick":"266 - KillSprite","sprite2":"alienBlue","sprite1":"base"},{"interaction":"KillBoth","tick":"267","pairInteractionTick":"267 - KillBoth","sprite2":"sam","sprite1":"base"},{"interaction":"KillSprite","tick":"269","pairInteractionTick":"269 - KillSprite","sprite2":"alienBlue","sprite1":"base"},{"interaction":"KillSprite","tick":"269","pairInteractionTick":"269 - KillSprite","sprite2":"alienBlue","sprite1":"base"},{"interaction":"KillSprite","tick":"299","pairInteractionTick":"299 - KillSprite","sprite2":"alienBlue","sprite1":"base"},{"interaction":"KillSprite","tick":"302","pairInteractionTick":"302 - KillSprite","sprite2":"alienBlue","sprite1":"base"},{"interaction":"KillSprite","tick":"304","pairInteractionTick":"304 - KillSprite","sprite2":"sam","sprite1":"alienBlue"},{"interaction":"KillSprite","tick":"308","pairInteractionTick":"308 - KillSprite","sprite2":"alienBlue","sprite1":"base"},{"interaction":"KillSprite","tick":"311","pairInteractionTick":"311 - KillSprite","sprite2":"alienBlue","sprite1":"base"},{"interaction":"KillSprite","tick":"330","pairInteractionTick":"330 - KillSprite","sprite2":"sam","sprite1":"alienBlue"},{"interaction":"KillSprite","tick":"416","pairInteractionTick":"416 - KillSprite","sprite2":"sam","sprite1":"alienBlue"},{"interaction":"KillSprite","tick":"465","pairInteractionTick":"465 - KillSprite","sprite2":"sam","sprite1":"alienBlue"},{"interaction":"KillSprite","tick":"466","pairInteractionTick":"466 - KillSprite","sprite2":"sam","sprite1":"alienBlue"},{"interaction":"KillSprite","tick":"479","pairInteractionTick":"479 - KillSprite","sprite2":"sam","sprite1":"alienBlue"},{"interaction":"KillSprite","tick":"519","pairInteractionTick":"519 - KillSprite","sprite2":"sam","sprite1":"alienBlue"},{"interaction":"KillSprite","tick":"531","pairInteractionTick":"531 - KillSprite","sprite2":"sam","sprite1":"alienBlue"},{"interaction":"KillSprite","tick":"532","pairInteractionTick":"532 - KillSprite","sprite2":"sam","sprite1":"alienBlue"},{"interaction":"KillSprite","tick":"561","pairInteractionTick":"561 - KillSprite","sprite2":"sam","sprite1":"alienBlue"},{"interaction":"KillSprite","tick":"578","pairInteractionTick":"578 - KillSprite","sprite2":"sam","sprite1":"alienBlue"},{"interaction":"KillSprite","tick":"590","pairInteractionTick":"590 - KillSprite","sprite2":"sam","sprite1":"alienBlue"},{"interaction":"KillSprite","tick":"635","pairInteractionTick":"635 - KillSprite","sprite2":"sam","sprite1":"alienBlue"},{"interaction":"KillSprite","tick":"650","pairInteractionTick":"650 - KillSprite","sprite2":"sam","sprite1":"alienBlue"},{"interaction":"KillSprite","tick":"684","pairInteractionTick":"684 - KillSprite","sprite2":"sam","sprite1":"alienBlue"}]