[{"interaction":"KillBoth","tick":"2","pairInteractionTick":"2 - KillBoth","sprite2":"sam","sprite1":"base"},{"interaction":"KillBoth","tick":"4","pairInteractionTick":"4 - KillBoth","sprite2":"sam","sprite1":"base"},{"interaction":"KillBoth","tick":"6","pairInteractionTick":"6 - KillBoth","sprite2":"sam","sprite1":"base"},{"interaction":"KillBoth","tick":"9","pairInteractionTick":"9 - KillBoth","sprite2":"sam","sprite1":"base"},{"interaction":"KillBoth","tick":"12","pairInteractionTick":"12 - KillBoth","sprite2":"sam","sprite1":"base"},{"interaction":"KillBoth","tick":"15","pairInteractionTick":"15 - KillBoth","sprite2":"sam","sprite1":"base"},{"interaction":"KillBoth","tick":"17","pairInteractionTick":"17 - KillBoth","sprite2":"sam","sprite1":"base"},{"interaction":"KillBoth","tick":"19","pairInteractionTick":"19 - KillBoth","sprite2":"sam","sprite1":"base"},{"interaction":"KillBoth","tick":"22","pairInteractionTick":"22 - KillBoth","sprite2":"sam","sprite1":"base"},{"interaction":"KillBoth","tick":"25","pairInteractionTick":"25 - KillBoth","sprite2":"sam","sprite1":"base"},{"interaction":"KillBoth","tick":"28","pairInteractionTick":"28 - KillBoth","sprite2":"sam","sprite1":"base"},{"interaction":"KillBoth","tick":"32","pairInteractionTick":"32 - KillBoth","sprite2":"sam","sprite1":"base"},{"interaction":"KillBoth","tick":"37","pairInteractionTick":"37 - KillBoth","sprite2":"sam","sprite1":"base"},{"interaction":"KillBoth","tick":"40","pairInteractionTick":"40 - KillBoth","sprite2":"sam","sprite1":"base"},{"interaction":"KillBoth","tick":"43","pairInteractionTick":"43 - KillBoth","sprite2":"sam","sprite1":"base"},{"interaction":"KillBoth","tick":"45","pairInteractionTick":"45 - KillBoth","sprite2":"sam","sprite1":"base"},{"interaction":"KillBoth","tick":"48","pairInteractionTick":"48 - KillBoth","sprite2":"sam","sprite1":"base"},{"interaction":"KillBoth","tick":"51","pairInteractionTick":"51 - KillBoth","sprite2":"sam","sprite1":"base"},{"interaction":"KillBoth","tick":"54","pairInteractionTick":"54 - KillBoth","sprite2":"sam","sprite1":"base"},{"interaction":"KillBoth","tick":"58","pairInteractionTick":"58 - KillBoth","sprite2":"sam","sprite1":"base"},{"interaction":"KillBoth","tick":"62","pairInteractionTick":"62 - KillBoth","sprite2":"sam","sprite1":"base"},{"interaction":"KillBoth","tick":"71","pairInteractionTick":"71 - KillBoth","sprite2":"sam","sprite1":"base"},{"interaction":"KillSprite","tick":"83","pairInteractionTick":"83 - KillSprite","sprite2":"sam","sprite1":"alienGreen"},{"interaction":"KillBoth","tick":"94","pairInteractionTick":"94 - KillBoth","sprite2":"sam","sprite1":"base"},{"interaction":"KillSprite","tick":"137","pairInteractionTick":"137 - KillSprite","sprite2":"sam","sprite1":"alienGreen"},{"interaction":"KillBoth","tick":"160","pairInteractionTick":"160 - KillBoth","sprite2":"bomb","sprite1":"base"},{"interaction":"KillBoth","tick":"160","pairInteractionTick":"160 - KillBoth","sprite2":"bomb","sprite1":"base"},{"interaction":"KillSprite","tick":"163","pairInteractionTick":"163 - KillSprite","sprite2":"sam","sprite1":"alienGreen"},{"interaction":"KillSprite","tick":"178","pairInteractionTick":"178 - KillSprite","sprite2":"sam","sprite1":"alienGreen"},{"interaction":"KillSprite","tick":"190","pairInteractionTick":"190 - KillSprite","sprite2":"sam","sprite1":"alienGreen"},{"interaction":"KillBoth","tick":"201","pairInteractionTick":"201 - KillBoth","sprite2":"bomb","sprite1":"base"},{"interaction":"KillBoth","tick":"201","pairInteractionTick":"201 - KillBoth","sprite2":"bomb","sprite1":"base"},{"interaction":"KillBoth","tick":"203","pairInteractionTick":"203 - KillBoth","sprite2":"sam","sprite1":"base"},{"interaction":"KillBoth","tick":"215","pairInteractionTick":"215 - KillBoth","sprite2":"sam","sprite1":"base"},{"interaction":"KillBoth","tick":"216","pairInteractionTick":"216 - KillBoth","sprite2":"bomb","sprite1":"base"},{"interaction":"KillSprite","tick":"218","pairInteractionTick":"218 - KillSprite","sprite2":"alienGreen","sprite1":"base"},{"interaction":"KillSprite","tick":"218","pairInteractionTick":"218 - KillSprite","sprite2":"alienGreen","sprite1":"base"},{"interaction":"KillBoth","tick":"219","pairInteractionTick":"219 - KillBoth","sprite2":"sam","sprite1":"base"},{"interaction":"KillSprite","tick":"221","pairInteractionTick":"221 - KillSprite","sprite2":"alienGreen","sprite1":"base"},{"interaction":"KillSprite","tick":"221","pairInteractionTick":"221 - KillSprite","sprite2":"alienGreen","sprite1":"base"},{"interaction":"KillBoth","tick":"223","pairInteractionTick":"223 - KillBoth","sprite2":"sam","sprite1":"base"},{"interaction":"KillBoth","tick":"225","pairInteractionTick":"225 - KillBoth","sprite2":"sam","sprite1":"base"},{"interaction":"KillBoth","tick":"227","pairInteractionTick":"227 - KillBoth","sprite2":"sam","sprite1":"base"},{"interaction":"KillBoth","tick":"229","pairInteractionTick":"229 - KillBoth","sprite2":"sam","sprite1":"base"},{"interaction":"KillBoth","tick":"231","pairInteractionTick":"231 - KillBoth","sprite2":"sam","sprite1":"base"},{"interaction":"KillBoth","tick":"234","pairInteractionTick":"234 - KillBoth","sprite2":"sam","sprite1":"base"},{"interaction":"KillBoth","tick":"237","pairInteractionTick":"237 - KillBoth","sprite2":"sam","sprite1":"base"},{"interaction":"KillBoth","tick":"240","pairInteractionTick":"240 - KillBoth","sprite2":"sam","sprite1":"base"},{"interaction":"KillBoth","tick":"243","pairInteractionTick":"243 - KillBoth","sprite2":"sam","sprite1":"base"},{"interaction":"KillBoth","tick":"247","pairInteractionTick":"247 - KillBoth","sprite2":"sam","sprite1":"base"},{"interaction":"KillBoth","tick":"251","pairInteractionTick":"251 - KillBoth","sprite2":"sam","sprite1":"base"},{"interaction":"KillBoth","tick":"252","pairInteractionTick":"252 - KillBoth","sprite2":"bomb","sprite1":"base"},{"interaction":"KillSprite","tick":"312","pairInteractionTick":"312 - KillSprite","sprite2":"sam","sprite1":"alienGreen"},{"interaction":"KillSprite","tick":"327","pairInteractionTick":"327 - KillSprite","sprite2":"sam","sprite1":"alienGreen"},{"interaction":"KillSprite","tick":"329","pairInteractionTick":"329 - KillSprite","sprite2":"sam","sprite1":"alienGreen"},{"interaction":"KillSprite","tick":"331","pairInteractionTick":"331 - KillSprite","sprite2":"sam","sprite1":"alienGreen"},{"interaction":"KillSprite","tick":"342","pairInteractionTick":"342 - KillSprite","sprite2":"sam","sprite1":"alienGreen"},{"interaction":"KillSprite","tick":"373","pairInteractionTick":"373 - KillSprite","sprite2":"sam","sprite1":"alienGreen"},{"interaction":"KillSprite","tick":"386","pairInteractionTick":"386 - KillSprite","sprite2":"sam","sprite1":"alienGreen"},{"interaction":"KillSprite","tick":"397","pairInteractionTick":"397 - KillSprite","sprite2":"sam","sprite1":"alienGreen"},{"interaction":"KillSprite","tick":"410","pairInteractionTick":"410 - KillSprite","sprite2":"sam","sprite1":"alienGreen"},{"interaction":"KillSprite","tick":"422","pairInteractionTick":"422 - KillSprite","sprite2":"sam","sprite1":"alienGreen"},{"interaction":"KillSprite","tick":"434","pairInteractionTick":"434 - KillSprite","sprite2":"sam","sprite1":"alienGreen"},{"interaction":"KillSprite","tick":"446","pairInteractionTick":"446 - KillSprite","sprite2":"sam","sprite1":"alienGreen"},{"interaction":"KillSprite","tick":"470","pairInteractionTick":"470 - KillSprite","sprite2":"sam","sprite1":"alienGreen"},{"interaction":"KillSprite","tick":"522","pairInteractionTick":"522 - KillSprite","sprite2":"sam","sprite1":"alienGreen"},{"interaction":"KillSprite","tick":"550","pairInteractionTick":"550 - KillSprite","sprite2":"sam","sprite1":"alienGreen"}]