[{"interaction":"StepBack","tick":"8","pairInteractionTick":"8 - StepBack","sprite2":"wall","sprite1":"monsterNormal"},{"interaction":"StepBack","tick":"10","pairInteractionTick":"10 - StepBack","sprite2":"wall","sprite1":"monsterQuick"},{"interaction":"StepBack","tick":"12","pairInteractionTick":"12 - StepBack","sprite2":"wall","sprite1":"monsterQuick"},{"interaction":"StepBack","tick":"12","pairInteractionTick":"12 - StepBack","sprite2":"wall","sprite1":"monsterNormal"},{"interaction":"StepBack","tick":"12","pairInteractionTick":"12 - StepBack","sprite2":"wall","sprite1":"monsterSlow"},{"interaction":"StepBack","tick":"13","pairInteractionTick":"13 - StepBack","sprite2":"wall","sprite1":"nokey"},{"interaction":"StepBack","tick":"14","pairInteractionTick":"14 - StepBack","sprite2":"wall","sprite1":"monsterQuick"},{"interaction":"StepBack","tick":"16","pairInteractionTick":"16 - StepBack","sprite2":"wall","sprite1":"monsterQuick"},{"interaction":"StepBack","tick":"16","pairInteractionTick":"16 - StepBack","sprite2":"wall","sprite1":"monsterNormal"},{"interaction":"StepBack","tick":"17","pairInteractionTick":"17 - StepBack","sprite2":"wall","sprite1":"nokey"},{"interaction":"StepBack","tick":"18","pairInteractionTick":"18 - StepBack","sprite2":"wall","sprite1":"monsterQuick"},{"interaction":"StepBack","tick":"20","pairInteractionTick":"20 - StepBack","sprite2":"wall","sprite1":"monsterNormal"},{"interaction":"StepBack","tick":"20","pairInteractionTick":"20 - StepBack","sprite2":"wall","sprite1":"monsterSlow"},{"interaction":"StepBack","tick":"24","pairInteractionTick":"24 - StepBack","sprite2":"wall","sprite1":"nokey"},{"interaction":"StepBack","tick":"24","pairInteractionTick":"24 - StepBack","sprite2":"wall","sprite1":"monsterNormal"},{"interaction":"StepBack","tick":"36","pairInteractionTick":"36 - StepBack","sprite2":"wall","sprite1":"monsterQuick"},{"interaction":"StepBack","tick":"38","pairInteractionTick":"38 - StepBack","sprite2":"wall","sprite1":"monsterQuick"},{"interaction":"StepBack","tick":"40","pairInteractionTick":"40 - StepBack","sprite2":"wall","sprite1":"monsterQuick"},{"interaction":"StepBack","tick":"43","pairInteractionTick":"43 - StepBack","sprite2":"wall","sprite1":"nokey"},{"interaction":"StepBack","tick":"44","pairInteractionTick":"44 - StepBack","sprite2":"wall","sprite1":"nokey"},{"interaction":"StepBack","tick":"46","pairInteractionTick":"46 - StepBack","sprite2":"wall","sprite1":"monsterQuick"},{"interaction":"StepBack","tick":"52","pairInteractionTick":"52 - StepBack","sprite2":"wall","sprite1":"monsterQuick"},{"interaction":"StepBack","tick":"52","pairInteractionTick":"52 - StepBack","sprite2":"wall","sprite1":"monsterNormal"},{"interaction":"StepBack","tick":"54","pairInteractionTick":"54 - StepBack","sprite2":"wall","sprite1":"monsterQuick"},{"interaction":"StepBack","tick":"62","pairInteractionTick":"62 - StepBack","sprite2":"wall","sprite1":"nokey"},{"interaction":"StepBack","tick":"63","pairInteractionTick":"63 - StepBack","sprite2":"wall","sprite1":"nokey"},{"interaction":"StepBack","tick":"64","pairInteractionTick":"64 - StepBack","sprite2":"wall","sprite1":"monsterNormal"},{"interaction":"StepBack","tick":"66","pairInteractionTick":"66 - StepBack","sprite2":"wall","sprite1":"monsterQuick"},{"interaction":"KillSprite","tick":"67","pairInteractionTick":"67 - KillSprite","sprite2":"sword","sprite1":"monsterSlow"},{"interaction":"StepBack","tick":"68","pairInteractionTick":"68 - StepBack","sprite2":"wall","sprite1":"monsterQuick"},{"interaction":"StepBack","tick":"68","pairInteractionTick":"68 - StepBack","sprite2":"wall","sprite1":"monsterNormal"},{"interaction":"StepBack","tick":"71","pairInteractionTick":"71 - StepBack","sprite2":"wall","sprite1":"nokey"},{"interaction":"StepBack","tick":"72","pairInteractionTick":"72 - StepBack","sprite2":"wall","sprite1":"monsterQuick"},{"interaction":"StepBack","tick":"74","pairInteractionTick":"74 - StepBack","sprite2":"wall","sprite1":"monsterQuick"},{"interaction":"StepBack","tick":"76","pairInteractionTick":"76 - StepBack","sprite2":"wall","sprite1":"monsterQuick"},{"interaction":"StepBack","tick":"78","pairInteractionTick":"78 - StepBack","sprite2":"wall","sprite1":"monsterQuick"},{"interaction":"StepBack","tick":"80","pairInteractionTick":"80 - StepBack","sprite2":"wall","sprite1":"monsterQuick"},{"interaction":"StepBack","tick":"80","pairInteractionTick":"80 - StepBack","sprite2":"wall","sprite1":"monsterNormal"},{"interaction":"StepBack","tick":"82","pairInteractionTick":"82 - StepBack","sprite2":"wall","sprite1":"nokey"},{"interaction":"StepBack","tick":"82","pairInteractionTick":"82 - StepBack","sprite2":"wall","sprite1":"monsterQuick"},{"interaction":"StepBack","tick":"84","pairInteractionTick":"84 - StepBack","sprite2":"wall","sprite1":"monsterNormal"},{"interaction":"StepBack","tick":"88","pairInteractionTick":"88 - StepBack","sprite2":"wall","sprite1":"nokey"},{"interaction":"StepBack","tick":"88","pairInteractionTick":"88 - StepBack","sprite2":"wall","sprite1":"monsterNormal"},{"interaction":"StepBack","tick":"92","pairInteractionTick":"92 - StepBack","sprite2":"wall","sprite1":"monsterNormal"},{"interaction":"StepBack","tick":"96","pairInteractionTick":"96 - StepBack","sprite2":"wall","sprite1":"monsterQuick"},{"interaction":"StepBack","tick":"96","pairInteractionTick":"96 - StepBack","sprite2":"wall","sprite1":"monsterNormal"},{"interaction":"StepBack","tick":"100","pairInteractionTick":"100 - StepBack","sprite2":"wall","sprite1":"monsterNormal"},{"interaction":"StepBack","tick":"104","pairInteractionTick":"104 - StepBack","sprite2":"wall","sprite1":"monsterNormal"},{"interaction":"StepBack","tick":"106","pairInteractionTick":"106 - StepBack","sprite2":"wall","sprite1":"nokey"},{"interaction":"StepBack","tick":"106","pairInteractionTick":"106 - StepBack","sprite2":"wall","sprite1":"monsterQuick"},{"interaction":"StepBack","tick":"108","pairInteractionTick":"108 - StepBack","sprite2":"wall","sprite1":"monsterQuick"},{"interaction":"StepBack","tick":"110","pairInteractionTick":"110 - StepBack","sprite2":"wall","sprite1":"monsterQuick"},{"interaction":"StepBack","tick":"111","pairInteractionTick":"111 - StepBack","sprite2":"wall","sprite1":"nokey"},{"interaction":"StepBack","tick":"114","pairInteractionTick":"114 - StepBack","sprite2":"wall","sprite1":"nokey"},{"interaction":"StepBack","tick":"121","pairInteractionTick":"121 - StepBack","sprite2":"wall","sprite1":"nokey"},{"interaction":"KillSprite","tick":"133","pairInteractionTick":"133 - KillSprite","sprite2":"sword","sprite1":"monsterQuick"},{"interaction":"StepBack","tick":"140","pairInteractionTick":"140 - StepBack","sprite2":"wall","sprite1":"nokey"},{"interaction":"StepBack","tick":"156","pairInteractionTick":"156 - StepBack","sprite2":"wall","sprite1":"monsterNormal"},{"interaction":"StepBack","tick":"159","pairInteractionTick":"159 - StepBack","sprite2":"wall","sprite1":"nokey"},{"interaction":"StepBack","tick":"160","pairInteractionTick":"160 - StepBack","sprite2":"wall","sprite1":"monsterNormal"},{"interaction":"StepBack","tick":"164","pairInteractionTick":"164 - StepBack","sprite2":"wall","sprite1":"monsterNormal"},{"interaction":"StepBack","tick":"168","pairInteractionTick":"168 - StepBack","sprite2":"wall","sprite1":"nokey"},{"interaction":"StepBack","tick":"168","pairInteractionTick":"168 - StepBack","sprite2":"wall","sprite1":"monsterNormal"},{"interaction":"StepBack","tick":"174","pairInteractionTick":"174 - StepBack","sprite2":"wall","sprite1":"nokey"},{"interaction":"StepBack","tick":"177","pairInteractionTick":"177 - StepBack","sprite2":"wall","sprite1":"nokey"},{"interaction":"StepBack","tick":"188","pairInteractionTick":"188 - StepBack","sprite2":"wall","sprite1":"nokey"},{"interaction":"StepBack","tick":"188","pairInteractionTick":"188 - StepBack","sprite2":"wall","sprite1":"monsterNormal"},{"interaction":"StepBack","tick":"192","pairInteractionTick":"192 - StepBack","sprite2":"wall","sprite1":"nokey"},{"interaction":"StepBack","tick":"192","pairInteractionTick":"192 - StepBack","sprite2":"wall","sprite1":"monsterNormal"},{"interaction":"StepBack","tick":"196","pairInteractionTick":"196 - StepBack","sprite2":"wall","sprite1":"monsterNormal"},{"interaction":"StepBack","tick":"200","pairInteractionTick":"200 - StepBack","sprite2":"wall","sprite1":"nokey"},{"interaction":"StepBack","tick":"200","pairInteractionTick":"200 - StepBack","sprite2":"wall","sprite1":"monsterNormal"},{"interaction":"StepBack","tick":"204","pairInteractionTick":"204 - StepBack","sprite2":"wall","sprite1":"monsterNormal"},{"interaction":"StepBack","tick":"208","pairInteractionTick":"208 - StepBack","sprite2":"wall","sprite1":"monsterNormal"},{"interaction":"StepBack","tick":"212","pairInteractionTick":"212 - StepBack","sprite2":"wall","sprite1":"monsterNormal"},{"interaction":"StepBack","tick":"216","pairInteractionTick":"216 - StepBack","sprite2":"wall","sprite1":"monsterNormal"},{"interaction":"StepBack","tick":"220","pairInteractionTick":"220 - StepBack","sprite2":"wall","sprite1":"monsterNormal"},{"interaction":"StepBack","tick":"224","pairInteractionTick":"224 - StepBack","sprite2":"wall","sprite1":"monsterNormal"},{"interaction":"StepBack","tick":"228","pairInteractionTick":"228 - StepBack","sprite2":"wall","sprite1":"monsterNormal"},{"interaction":"StepBack","tick":"232","pairInteractionTick":"232 - StepBack","sprite2":"wall","sprite1":"monsterNormal"},{"interaction":"StepBack","tick":"244","pairInteractionTick":"244 - StepBack","sprite2":"wall","sprite1":"nokey"},{"interaction":"StepBack","tick":"244","pairInteractionTick":"244 - StepBack","sprite2":"wall","sprite1":"monsterNormal"},{"interaction":"StepBack","tick":"246","pairInteractionTick":"246 - StepBack","sprite2":"wall","sprite1":"nokey"},{"interaction":"StepBack","tick":"248","pairInteractionTick":"248 - StepBack","sprite2":"wall","sprite1":"monsterNormal"},{"interaction":"StepBack","tick":"268","pairInteractionTick":"268 - StepBack","sprite2":"wall","sprite1":"monsterNormal"},{"interaction":"StepBack","tick":"272","pairInteractionTick":"272 - StepBack","sprite2":"wall","sprite1":"monsterNormal"},{"interaction":"StepBack","tick":"276","pairInteractionTick":"276 - StepBack","sprite2":"wall","sprite1":"monsterNormal"},{"interaction":"StepBack","tick":"285","pairInteractionTick":"285 - StepBack","sprite2":"wall","sprite1":"nokey"},{"interaction":"StepBack","tick":"288","pairInteractionTick":"288 - StepBack","sprite2":"wall","sprite1":"monsterNormal"},{"interaction":"StepBack","tick":"292","pairInteractionTick":"292 - StepBack","sprite2":"wall","sprite1":"monsterNormal"},{"interaction":"StepBack","tick":"304","pairInteractionTick":"304 - StepBack","sprite2":"wall","sprite1":"monsterNormal"},{"interaction":"StepBack","tick":"324","pairInteractionTick":"324 - StepBack","sprite2":"wall","sprite1":"monsterNormal"},{"interaction":"StepBack","tick":"328","pairInteractionTick":"328 - StepBack","sprite2":"wall","sprite1":"monsterNormal"},{"interaction":"StepBack","tick":"329","pairInteractionTick":"329 - StepBack","sprite2":"wall","sprite1":"nokey"},{"interaction":"StepBack","tick":"332","pairInteractionTick":"332 - StepBack","sprite2":"wall","sprite1":"monsterNormal"},{"interaction":"StepBack","tick":"336","pairInteractionTick":"336 - StepBack","sprite2":"wall","sprite1":"monsterNormal"},{"interaction":"StepBack","tick":"340","pairInteractionTick":"340 - StepBack","sprite2":"wall","sprite1":"monsterNormal"},{"interaction":"StepBack","tick":"346","pairInteractionTick":"346 - StepBack","sprite2":"wall","sprite1":"nokey"},{"interaction":"StepBack","tick":"352","pairInteractionTick":"352 - StepBack","sprite2":"wall","sprite1":"nokey"},{"interaction":"StepBack","tick":"355","pairInteractionTick":"355 - StepBack","sprite2":"wall","sprite1":"nokey"},{"interaction":"StepBack","tick":"356","pairInteractionTick":"356 - StepBack","sprite2":"wall","sprite1":"nokey"},{"interaction":"StepBack","tick":"360","pairInteractionTick":"360 - StepBack","sprite2":"wall","sprite1":"monsterNormal"},{"interaction":"StepBack","tick":"364","pairInteractionTick":"364 - StepBack","sprite2":"wall","sprite1":"monsterNormal"},{"interaction":"StepBack","tick":"368","pairInteractionTick":"368 - StepBack","sprite2":"wall","sprite1":"monsterNormal"},{"interaction":"StepBack","tick":"372","pairInteractionTick":"372 - StepBack","sprite2":"wall","sprite1":"monsterNormal"},{"interaction":"StepBack","tick":"376","pairInteractionTick":"376 - StepBack","sprite2":"wall","sprite1":"monsterNormal"},{"interaction":"StepBack","tick":"386","pairInteractionTick":"386 - StepBack","sprite2":"wall","sprite1":"nokey"},{"interaction":"StepBack","tick":"388","pairInteractionTick":"388 - StepBack","sprite2":"wall","sprite1":"monsterNormal"},{"interaction":"StepBack","tick":"392","pairInteractionTick":"392 - StepBack","sprite2":"wall","sprite1":"monsterNormal"},{"interaction":"StepBack","tick":"406","pairInteractionTick":"406 - StepBack","sprite2":"wall","sprite1":"nokey"},{"interaction":"StepBack","tick":"408","pairInteractionTick":"408 - StepBack","sprite2":"wall","sprite1":"monsterNormal"},{"interaction":"StepBack","tick":"410","pairInteractionTick":"410 - StepBack","sprite2":"wall","sprite1":"nokey"},{"interaction":"StepBack","tick":"412","pairInteractionTick":"412 - StepBack","sprite2":"wall","sprite1":"monsterNormal"},{"interaction":"StepBack","tick":"416","pairInteractionTick":"416 - StepBack","sprite2":"wall","sprite1":"monsterNormal"},{"interaction":"StepBack","tick":"418","pairInteractionTick":"418 - StepBack","sprite2":"wall","sprite1":"nokey"},{"interaction":"StepBack","tick":"419","pairInteractionTick":"419 - StepBack","sprite2":"wall","sprite1":"nokey"},{"interaction":"StepBack","tick":"420","pairInteractionTick":"420 - StepBack","sprite2":"wall","sprite1":"monsterNormal"},{"interaction":"StepBack","tick":"424","pairInteractionTick":"424 - StepBack","sprite2":"wall","sprite1":"monsterNormal"},{"interaction":"StepBack","tick":"428","pairInteractionTick":"428 - StepBack","sprite2":"wall","sprite1":"monsterNormal"},{"interaction":"StepBack","tick":"440","pairInteractionTick":"440 - StepBack","sprite2":"wall","sprite1":"nokey"},{"interaction":"StepBack","tick":"448","pairInteractionTick":"448 - StepBack","sprite2":"wall","sprite1":"monsterNormal"},{"interaction":"KillSprite","tick":"482","pairInteractionTick":"482 - KillSprite","sprite2":"sword","sprite1":"monsterNormal"},{"interaction":"StepBack","tick":"488","pairInteractionTick":"488 - StepBack","sprite2":"wall","sprite1":"nokey"},{"interaction":"StepBack","tick":"489","pairInteractionTick":"489 - StepBack","sprite2":"wall","sprite1":"nokey"},{"interaction":"StepBack","tick":"535","pairInteractionTick":"535 - StepBack","sprite2":"wall","sprite1":"nokey"},{"interaction":"StepBack","tick":"536","pairInteractionTick":"536 - StepBack","sprite2":"wall","sprite1":"nokey"},{"interaction":"StepBack","tick":"553","pairInteractionTick":"553 - StepBack","sprite2":"wall","sprite1":"nokey"},{"interaction":"StepBack","tick":"600","pairInteractionTick":"600 - StepBack","sprite2":"wall","sprite1":"nokey"},{"interaction":"StepBack","tick":"609","pairInteractionTick":"609 - StepBack","sprite2":"wall","sprite1":"nokey"},{"interaction":"StepBack","tick":"620","pairInteractionTick":"620 - StepBack","sprite2":"wall","sprite1":"nokey"},{"interaction":"StepBack","tick":"648","pairInteractionTick":"648 - StepBack","sprite2":"wall","sprite1":"nokey"},{"interaction":"StepBack","tick":"662","pairInteractionTick":"662 - StepBack","sprite2":"wall","sprite1":"nokey"},{"interaction":"StepBack","tick":"699","pairInteractionTick":"699 - StepBack","sprite2":"wall","sprite1":"nokey"},{"interaction":"StepBack","tick":"703","pairInteractionTick":"703 - StepBack","sprite2":"wall","sprite1":"nokey"},{"interaction":"StepBack","tick":"746","pairInteractionTick":"746 - StepBack","sprite2":"wall","sprite1":"nokey"},{"interaction":"StepBack","tick":"839","pairInteractionTick":"839 - StepBack","sprite2":"wall","sprite1":"nokey"},{"interaction":"StepBack","tick":"856","pairInteractionTick":"856 - StepBack","sprite2":"wall","sprite1":"nokey"},{"interaction":"StepBack","tick":"860","pairInteractionTick":"860 - StepBack","sprite2":"wall","sprite1":"nokey"},{"interaction":"StepBack","tick":"879","pairInteractionTick":"879 - StepBack","sprite2":"wall","sprite1":"nokey"},{"interaction":"StepBack","tick":"915","pairInteractionTick":"915 - StepBack","sprite2":"wall","sprite1":"nokey"},{"interaction":"StepBack","tick":"959","pairInteractionTick":"959 - StepBack","sprite2":"wall","sprite1":"nokey"},{"interaction":"StepBack","tick":"978","pairInteractionTick":"978 - StepBack","sprite2":"wall","sprite1":"nokey"},{"interaction":"StepBack","tick":"989","pairInteractionTick":"989 - StepBack","sprite2":"wall","sprite1":"nokey"},{"interaction":"StepBack","tick":"1000","pairInteractionTick":"1000 - StepBack","sprite2":"wall","sprite1":"nokey"},{"interaction":"StepBack","tick":"1014","pairInteractionTick":"1014 - StepBack","sprite2":"wall","sprite1":"nokey"},{"interaction":"StepBack","tick":"1016","pairInteractionTick":"1016 - StepBack","sprite2":"wall","sprite1":"nokey"},{"interaction":"StepBack","tick":"1025","pairInteractionTick":"1025 - StepBack","sprite2":"wall","sprite1":"nokey"},{"interaction":"StepBack","tick":"1108","pairInteractionTick":"1108 - StepBack","sprite2":"wall","sprite1":"nokey"},{"interaction":"StepBack","tick":"1114","pairInteractionTick":"1114 - StepBack","sprite2":"wall","sprite1":"nokey"},{"interaction":"StepBack","tick":"1136","pairInteractionTick":"1136 - StepBack","sprite2":"wall","sprite1":"nokey"},{"interaction":"StepBack","tick":"1159","pairInteractionTick":"1159 - StepBack","sprite2":"wall","sprite1":"nokey"},{"interaction":"StepBack","tick":"1170","pairInteractionTick":"1170 - StepBack","sprite2":"wall","sprite1":"nokey"},{"interaction":"StepBack","tick":"1171","pairInteractionTick":"1171 - StepBack","sprite2":"wall","sprite1":"nokey"},{"interaction":"StepBack","tick":"1174","pairInteractionTick":"1174 - StepBack","sprite2":"wall","sprite1":"nokey"},{"interaction":"StepBack","tick":"1175","pairInteractionTick":"1175 - StepBack","sprite2":"wall","sprite1":"nokey"},{"interaction":"StepBack","tick":"1177","pairInteractionTick":"1177 - StepBack","sprite2":"wall","sprite1":"nokey"},{"interaction":"StepBack","tick":"1236","pairInteractionTick":"1236 - StepBack","sprite2":"wall","sprite1":"nokey"},{"interaction":"StepBack","tick":"1266","pairInteractionTick":"1266 - StepBack","sprite2":"wall","sprite1":"nokey"},{"interaction":"StepBack","tick":"1275","pairInteractionTick":"1275 - StepBack","sprite2":"wall","sprite1":"nokey"},{"interaction":"StepBack","tick":"1276","pairInteractionTick":"1276 - StepBack","sprite2":"wall","sprite1":"nokey"},{"interaction":"StepBack","tick":"1280","pairInteractionTick":"1280 - StepBack","sprite2":"wall","sprite1":"nokey"},{"interaction":"StepBack","tick":"1287","pairInteractionTick":"1287 - StepBack","sprite2":"wall","sprite1":"nokey"},{"interaction":"StepBack","tick":"1348","pairInteractionTick":"1348 - StepBack","sprite2":"wall","sprite1":"nokey"},{"interaction":"StepBack","tick":"1349","pairInteractionTick":"1349 - StepBack","sprite2":"wall","sprite1":"nokey"},{"interaction":"StepBack","tick":"1360","pairInteractionTick":"1360 - StepBack","sprite2":"wall","sprite1":"nokey"},{"interaction":"StepBack","tick":"1370","pairInteractionTick":"1370 - StepBack","sprite2":"wall","sprite1":"nokey"},{"interaction":"StepBack","tick":"1371","pairInteractionTick":"1371 - StepBack","sprite2":"wall","sprite1":"nokey"},{"interaction":"StepBack","tick":"1374","pairInteractionTick":"1374 - StepBack","sprite2":"wall","sprite1":"nokey"},{"interaction":"StepBack","tick":"1395","pairInteractionTick":"1395 - StepBack","sprite2":"wall","sprite1":"nokey"},{"interaction":"StepBack","tick":"1396","pairInteractionTick":"1396 - StepBack","sprite2":"wall","sprite1":"nokey"},{"interaction":"StepBack","tick":"1445","pairInteractionTick":"1445 - StepBack","sprite2":"wall","sprite1":"nokey"},{"interaction":"StepBack","tick":"1446","pairInteractionTick":"1446 - StepBack","sprite2":"wall","sprite1":"nokey"},{"interaction":"StepBack","tick":"1455","pairInteractionTick":"1455 - StepBack","sprite2":"wall","sprite1":"nokey"},{"interaction":"StepBack","tick":"1467","pairInteractionTick":"1467 - StepBack","sprite2":"wall","sprite1":"nokey"},{"interaction":"StepBack","tick":"1538","pairInteractionTick":"1538 - StepBack","sprite2":"wall","sprite1":"nokey"},{"interaction":"StepBack","tick":"1641","pairInteractionTick":"1641 - StepBack","sprite2":"wall","sprite1":"nokey"},{"interaction":"StepBack","tick":"1661","pairInteractionTick":"1661 - StepBack","sprite2":"wall","sprite1":"nokey"},{"interaction":"StepBack","tick":"1672","pairInteractionTick":"1672 - StepBack","sprite2":"wall","sprite1":"nokey"},{"interaction":"StepBack","tick":"1685","pairInteractionTick":"1685 - StepBack","sprite2":"wall","sprite1":"nokey"},{"interaction":"StepBack","tick":"1694","pairInteractionTick":"1694 - StepBack","sprite2":"wall","sprite1":"nokey"},{"interaction":"StepBack","tick":"1766","pairInteractionTick":"1766 - StepBack","sprite2":"wall","sprite1":"nokey"},{"interaction":"StepBack","tick":"1777","pairInteractionTick":"1777 - StepBack","sprite2":"wall","sprite1":"nokey"},{"interaction":"StepBack","tick":"1778","pairInteractionTick":"1778 - StepBack","sprite2":"wall","sprite1":"nokey"},{"interaction":"StepBack","tick":"1784","pairInteractionTick":"1784 - StepBack","sprite2":"wall","sprite1":"nokey"},{"interaction":"StepBack","tick":"1800","pairInteractionTick":"1800 - StepBack","sprite2":"wall","sprite1":"nokey"},{"interaction":"StepBack","tick":"1823","pairInteractionTick":"1823 - StepBack","sprite2":"wall","sprite1":"nokey"},{"interaction":"StepBack","tick":"1875","pairInteractionTick":"1875 - StepBack","sprite2":"wall","sprite1":"nokey"},{"interaction":"StepBack","tick":"1876","pairInteractionTick":"1876 - StepBack","sprite2":"wall","sprite1":"nokey"},{"interaction":"StepBack","tick":"1957","pairInteractionTick":"1957 - StepBack","sprite2":"wall","sprite1":"nokey"},{"interaction":"StepBack","tick":"1972","pairInteractionTick":"1972 - StepBack","sprite2":"wall","sprite1":"nokey"},{"interaction":"StepBack","tick":"1976","pairInteractionTick":"1976 - StepBack","sprite2":"wall","sprite1":"nokey"}]