[{"interaction":"KillSprite","tick":"11","pairInteractionTick":"11 - KillSprite","sprite2":"sword","sprite1":"monsterNormal"},{"interaction":"KillSprite","tick":"19","pairInteractionTick":"19 - KillSprite","sprite2":"sword","sprite1":"monsterNormal"},{"interaction":"KillSprite","tick":"26","pairInteractionTick":"26 - KillSprite","sprite2":"sword","sprite1":"monsterNormal"},{"interaction":"TransformTo","tick":"72","pairInteractionTick":"72 - TransformTo","sprite2":"key","sprite1":"nokey"},{"interaction":"KillSprite","tick":"112","pairInteractionTick":"112 - KillSprite","sprite2":"withkey","sprite1":"goal"}]