[{"interaction":"KillSprite","tick":"3","pairInteractionTick":"3 - KillSprite","sprite2":"sword","sprite1":"monsterNormal"},{"interaction":"KillSprite","tick":"10","pairInteractionTick":"10 - KillSprite","sprite2":"sword","sprite1":"monsterQuick"},{"interaction":"StepBack","tick":"14","pairInteractionTick":"14 - StepBack","sprite2":"wall","sprite1":"monsterQuick"},{"interaction":"StepBack","tick":"16","pairInteractionTick":"16 - StepBack","sprite2":"wall","sprite1":"monsterQuick"},{"interaction":"StepBack","tick":"18","pairInteractionTick":"18 - StepBack","sprite2":"wall","sprite1":"monsterQuick"},{"interaction":"StepBack","tick":"20","pairInteractionTick":"20 - StepBack","sprite2":"wall","sprite1":"monsterQuick"},{"interaction":"KillSprite","tick":"20","pairInteractionTick":"20 - KillSprite","sprite2":"sword","sprite1":"monsterSlow"},{"interaction":"StepBack","tick":"22","pairInteractionTick":"22 - StepBack","sprite2":"wall","sprite1":"monsterQuick"},{"interaction":"StepBack","tick":"24","pairInteractionTick":"24 - StepBack","sprite2":"wall","sprite1":"monsterQuick"},{"interaction":"StepBack","tick":"26","pairInteractionTick":"26 - StepBack","sprite2":"wall","sprite1":"monsterQuick"},{"interaction":"StepBack","tick":"34","pairInteractionTick":"34 - StepBack","sprite2":"wall","sprite1":"monsterQuick"},{"interaction":"StepBack","tick":"36","pairInteractionTick":"36 - StepBack","sprite2":"wall","sprite1":"monsterQuick"},{"interaction":"StepBack","tick":"38","pairInteractionTick":"38 - StepBack","sprite2":"wall","sprite1":"monsterQuick"},{"interaction":"StepBack","tick":"40","pairInteractionTick":"40 - StepBack","sprite2":"wall","sprite1":"monsterQuick"},{"interaction":"StepBack","tick":"54","pairInteractionTick":"54 - StepBack","sprite2":"wall","sprite1":"monsterQuick"},{"interaction":"TransformTo","tick":"66","pairInteractionTick":"66 - TransformTo","sprite2":"key","sprite1":"nokey"},{"interaction":"StepBack","tick":"67","pairInteractionTick":"67 - StepBack","sprite2":"wall","sprite1":"withkey"},{"interaction":"StepBack","tick":"73","pairInteractionTick":"73 - StepBack","sprite2":"wall","sprite1":"withkey"},{"interaction":"StepBack","tick":"74","pairInteractionTick":"74 - StepBack","sprite2":"wall","sprite1":"monsterQuick"},{"interaction":"StepBack","tick":"76","pairInteractionTick":"76 - StepBack","sprite2":"wall","sprite1":"monsterQuick"},{"interaction":"StepBack","tick":"78","pairInteractionTick":"78 - StepBack","sprite2":"wall","sprite1":"monsterQuick"},{"interaction":"StepBack","tick":"80","pairInteractionTick":"80 - StepBack","sprite2":"wall","sprite1":"monsterQuick"},{"interaction":"StepBack","tick":"82","pairInteractionTick":"82 - StepBack","sprite2":"wall","sprite1":"monsterQuick"},{"interaction":"StepBack","tick":"84","pairInteractionTick":"84 - StepBack","sprite2":"wall","sprite1":"monsterQuick"},{"interaction":"StepBack","tick":"86","pairInteractionTick":"86 - StepBack","sprite2":"wall","sprite1":"monsterQuick"},{"interaction":"StepBack","tick":"88","pairInteractionTick":"88 - StepBack","sprite2":"wall","sprite1":"monsterQuick"},{"interaction":"StepBack","tick":"110","pairInteractionTick":"110 - StepBack","sprite2":"wall","sprite1":"monsterQuick"},{"interaction":"KillSprite","tick":"110","pairInteractionTick":"110 - KillSprite","sprite2":"sword","sprite1":"monsterQuick"},{"interaction":"KillSprite","tick":"118","pairInteractionTick":"118 - KillSprite","sprite2":"withkey","sprite1":"goal"}]