[{"interaction":"KillBoth","tick":"3","pairInteractionTick":"3 - KillBoth","sprite2":"sam","sprite1":"base"},{"interaction":"KillBoth","tick":"5","pairInteractionTick":"5 - KillBoth","sprite2":"sam","sprite1":"base"},{"interaction":"KillBoth","tick":"7","pairInteractionTick":"7 - KillBoth","sprite2":"sam","sprite1":"base"},{"interaction":"KillBoth","tick":"10","pairInteractionTick":"10 - KillBoth","sprite2":"sam","sprite1":"base"},{"interaction":"KillBoth","tick":"13","pairInteractionTick":"13 - KillBoth","sprite2":"sam","sprite1":"base"},{"interaction":"KillBoth","tick":"16","pairInteractionTick":"16 - KillBoth","sprite2":"sam","sprite1":"base"},{"interaction":"KillBoth","tick":"18","pairInteractionTick":"18 - KillBoth","sprite2":"sam","sprite1":"base"},{"interaction":"KillBoth","tick":"20","pairInteractionTick":"20 - KillBoth","sprite2":"sam","sprite1":"base"},{"interaction":"KillBoth","tick":"23","pairInteractionTick":"23 - KillBoth","sprite2":"sam","sprite1":"base"},{"interaction":"KillBoth","tick":"26","pairInteractionTick":"26 - KillBoth","sprite2":"sam","sprite1":"base"},{"interaction":"KillBoth","tick":"29","pairInteractionTick":"29 - KillBoth","sprite2":"sam","sprite1":"base"},{"interaction":"KillBoth","tick":"33","pairInteractionTick":"33 - KillBoth","sprite2":"sam","sprite1":"base"},{"interaction":"KillBoth","tick":"37","pairInteractionTick":"37 - KillBoth","sprite2":"sam","sprite1":"base"},{"interaction":"KillBoth","tick":"40","pairInteractionTick":"40 - KillBoth","sprite2":"sam","sprite1":"base"},{"interaction":"KillBoth","tick":"44","pairInteractionTick":"44 - KillBoth","sprite2":"sam","sprite1":"base"},{"interaction":"KillBoth","tick":"48","pairInteractionTick":"48 - KillBoth","sprite2":"sam","sprite1":"base"},{"interaction":"KillBoth","tick":"52","pairInteractionTick":"52 - KillBoth","sprite2":"sam","sprite1":"base"},{"interaction":"KillBoth","tick":"54","pairInteractionTick":"54 - KillBoth","sprite2":"sam","sprite1":"base"},{"interaction":"KillBoth","tick":"56","pairInteractionTick":"56 - KillBoth","sprite2":"sam","sprite1":"base"},{"interaction":"KillBoth","tick":"58","pairInteractionTick":"58 - KillBoth","sprite2":"sam","sprite1":"base"},{"interaction":"KillBoth","tick":"60","pairInteractionTick":"60 - KillBoth","sprite2":"sam","sprite1":"base"},{"interaction":"KillBoth","tick":"61","pairInteractionTick":"61 - KillBoth","sprite2":"bomb","sprite1":"base"},{"interaction":"KillBoth","tick":"63","pairInteractionTick":"63 - KillBoth","sprite2":"sam","sprite1":"base"},{"interaction":"KillBoth","tick":"66","pairInteractionTick":"66 - KillBoth","sprite2":"sam","sprite1":"base"},{"interaction":"KillBoth","tick":"69","pairInteractionTick":"69 - KillBoth","sprite2":"sam","sprite1":"base"},{"interaction":"KillBoth","tick":"72","pairInteractionTick":"72 - KillBoth","sprite2":"sam","sprite1":"base"},{"interaction":"KillBoth","tick":"76","pairInteractionTick":"76 - KillBoth","sprite2":"sam","sprite1":"base"},{"interaction":"KillBoth","tick":"80","pairInteractionTick":"80 - KillBoth","sprite2":"sam","sprite1":"base"},{"interaction":"KillBoth","tick":"83","pairInteractionTick":"83 - KillBoth","sprite2":"sam","sprite1":"base"},{"interaction":"KillBoth","tick":"87","pairInteractionTick":"87 - KillBoth","sprite2":"sam","sprite1":"base"},{"interaction":"KillSprite","tick":"98","pairInteractionTick":"98 - KillSprite","sprite2":"sam","sprite1":"alienBlue"},{"interaction":"KillBoth","tick":"110","pairInteractionTick":"110 - KillBoth","sprite2":"sam","sprite1":"base"},{"interaction":"KillBoth","tick":"117","pairInteractionTick":"117 - KillBoth","sprite2":"sam","sprite1":"base"},{"interaction":"KillBoth","tick":"120","pairInteractionTick":"120 - KillBoth","sprite2":"sam","sprite1":"base"},{"interaction":"KillBoth","tick":"123","pairInteractionTick":"123 - KillBoth","sprite2":"sam","sprite1":"base"},{"interaction":"KillBoth","tick":"125","pairInteractionTick":"125 - KillBoth","sprite2":"sam","sprite1":"base"},{"interaction":"KillBoth","tick":"128","pairInteractionTick":"128 - KillBoth","sprite2":"sam","sprite1":"base"},{"interaction":"KillBoth","tick":"131","pairInteractionTick":"131 - KillBoth","sprite2":"sam","sprite1":"base"},{"interaction":"KillBoth","tick":"134","pairInteractionTick":"134 - KillBoth","sprite2":"sam","sprite1":"base"},{"interaction":"KillBoth","tick":"138","pairInteractionTick":"138 - KillBoth","sprite2":"sam","sprite1":"base"},{"interaction":"KillBoth","tick":"142","pairInteractionTick":"142 - KillBoth","sprite2":"sam","sprite1":"base"},{"interaction":"KillBoth","tick":"146","pairInteractionTick":"146 - KillBoth","sprite2":"sam","sprite1":"base"},{"interaction":"KillSprite","tick":"179","pairInteractionTick":"179 - KillSprite","sprite2":"sam","sprite1":"alienBlue"},{"interaction":"KillSprite","tick":"191","pairInteractionTick":"191 - KillSprite","sprite2":"sam","sprite1":"alienBlue"},{"interaction":"KillSprite","tick":"193","pairInteractionTick":"193 - KillSprite","sprite2":"sam","sprite1":"alienBlue"},{"interaction":"KillSprite","tick":"203","pairInteractionTick":"203 - KillSprite","sprite2":"sam","sprite1":"alienBlue"},{"interaction":"KillSprite","tick":"215","pairInteractionTick":"215 - KillSprite","sprite2":"sam","sprite1":"alienBlue"},{"interaction":"KillSprite","tick":"239","pairInteractionTick":"239 - KillSprite","sprite2":"sam","sprite1":"alienBlue"},{"interaction":"KillSprite","tick":"241","pairInteractionTick":"241 - KillSprite","sprite2":"sam","sprite1":"alienBlue"},{"interaction":"KillSprite","tick":"253","pairInteractionTick":"253 - KillSprite","sprite2":"sam","sprite1":"alienBlue"},{"interaction":"KillSprite","tick":"265","pairInteractionTick":"265 - KillSprite","sprite2":"sam","sprite1":"alienBlue"},{"interaction":"KillSprite","tick":"281","pairInteractionTick":"281 - KillSprite","sprite2":"sam","sprite1":"alienBlue"},{"interaction":"KillBoth","tick":"295","pairInteractionTick":"295 - KillBoth","sprite2":"bomb","sprite1":"base"},{"interaction":"KillBoth","tick":"295","pairInteractionTick":"295 - KillBoth","sprite2":"bomb","sprite1":"base"},{"interaction":"KillSprite","tick":"295","pairInteractionTick":"295 - KillSprite","sprite2":"alienBlue","sprite1":"base"},{"interaction":"KillSprite","tick":"295","pairInteractionTick":"295 - KillSprite","sprite2":"sam","sprite1":"alienBlue"},{"interaction":"KillSprite","tick":"298","pairInteractionTick":"298 - KillSprite","sprite2":"alienBlue","sprite1":"base"},{"interaction":"KillSprite","tick":"301","pairInteractionTick":"301 - KillSprite","sprite2":"alienBlue","sprite1":"base"},{"interaction":"KillSprite","tick":"301","pairInteractionTick":"301 - KillSprite","sprite2":"alienBlue","sprite1":"base"},{"interaction":"KillSprite","tick":"315","pairInteractionTick":"315 - KillSprite","sprite2":"sam","sprite1":"alienBlue"},{"interaction":"KillSprite","tick":"342","pairInteractionTick":"342 - KillSprite","sprite2":"sam","sprite1":"alienBlue"},{"interaction":"KillSprite","tick":"360","pairInteractionTick":"360 - KillSprite","sprite2":"sam","sprite1":"alienBlue"},{"interaction":"KillSprite","tick":"362","pairInteractionTick":"362 - KillSprite","sprite2":"sam","sprite1":"alienBlue"},{"interaction":"KillSprite","tick":"396","pairInteractionTick":"396 - KillSprite","sprite2":"sam","sprite1":"alienBlue"},{"interaction":"KillSprite","tick":"471","pairInteractionTick":"471 - KillSprite","sprite2":"sam","sprite1":"alienBlue"},{"interaction":"KillSprite","tick":"486","pairInteractionTick":"486 - KillSprite","sprite2":"sam","sprite1":"alienBlue"},{"interaction":"KillSprite","tick":"502","pairInteractionTick":"502 - KillSprite","sprite2":"sam","sprite1":"alienBlue"}]