[{"interaction":"KillBoth","tick":"2","pairInteractionTick":"2 - KillBoth","sprite2":"sam","sprite1":"base"},{"interaction":"KillBoth","tick":"6","pairInteractionTick":"6 - KillBoth","sprite2":"sam","sprite1":"base"},{"interaction":"KillBoth","tick":"8","pairInteractionTick":"8 - KillBoth","sprite2":"sam","sprite1":"base"},{"interaction":"KillBoth","tick":"11","pairInteractionTick":"11 - KillBoth","sprite2":"sam","sprite1":"base"},{"interaction":"KillBoth","tick":"17","pairInteractionTick":"17 - KillBoth","sprite2":"sam","sprite1":"base"},{"interaction":"KillBoth","tick":"19","pairInteractionTick":"19 - KillBoth","sprite2":"sam","sprite1":"base"},{"interaction":"KillBoth","tick":"22","pairInteractionTick":"22 - KillBoth","sprite2":"sam","sprite1":"base"},{"interaction":"KillBoth","tick":"25","pairInteractionTick":"25 - KillBoth","sprite2":"sam","sprite1":"base"},{"interaction":"KillBoth","tick":"28","pairInteractionTick":"28 - KillBoth","sprite2":"sam","sprite1":"base"},{"interaction":"KillBoth","tick":"37","pairInteractionTick":"37 - KillBoth","sprite2":"sam","sprite1":"base"},{"interaction":"KillBoth","tick":"46","pairInteractionTick":"46 - KillBoth","sprite2":"sam","sprite1":"base"},{"interaction":"KillBoth","tick":"48","pairInteractionTick":"48 - KillBoth","sprite2":"sam","sprite1":"base"},{"interaction":"KillSprite","tick":"59","pairInteractionTick":"59 - KillSprite","sprite2":"sam","sprite1":"alienBlue"},{"interaction":"KillBoth","tick":"63","pairInteractionTick":"63 - KillBoth","sprite2":"bomb","sprite1":"base"},{"interaction":"KillBoth","tick":"63","pairInteractionTick":"63 - KillBoth","sprite2":"bomb","sprite1":"base"},{"interaction":"KillBoth","tick":"67","pairInteractionTick":"67 - KillBoth","sprite2":"sam","sprite1":"base"},{"interaction":"KillBoth","tick":"70","pairInteractionTick":"70 - KillBoth","sprite2":"sam","sprite1":"base"},{"interaction":"KillBoth","tick":"74","pairInteractionTick":"74 - KillBoth","sprite2":"sam","sprite1":"base"},{"interaction":"KillBoth","tick":"76","pairInteractionTick":"76 - KillBoth","sprite2":"sam","sprite1":"base"},{"interaction":"KillBoth","tick":"79","pairInteractionTick":"79 - KillBoth","sprite2":"sam","sprite1":"base"},{"interaction":"KillBoth","tick":"89","pairInteractionTick":"89 - KillBoth","sprite2":"sam","sprite1":"base"},{"interaction":"KillBoth","tick":"91","pairInteractionTick":"91 - KillBoth","sprite2":"sam","sprite1":"base"},{"interaction":"KillBoth","tick":"94","pairInteractionTick":"94 - KillBoth","sprite2":"sam","sprite1":"base"},{"interaction":"KillSprite","tick":"105","pairInteractionTick":"105 - KillSprite","sprite2":"sam","sprite1":"alienBlue"},{"interaction":"KillBoth","tick":"113","pairInteractionTick":"113 - KillBoth","sprite2":"sam","sprite1":"base"},{"interaction":"KillBoth","tick":"115","pairInteractionTick":"115 - KillBoth","sprite2":"sam","sprite1":"base"},{"interaction":"KillSprite","tick":"126","pairInteractionTick":"126 - KillSprite","sprite2":"sam","sprite1":"alienBlue"},{"interaction":"KillBoth","tick":"129","pairInteractionTick":"129 - KillBoth","sprite2":"sam","sprite1":"base"},{"interaction":"KillBoth","tick":"131","pairInteractionTick":"131 - KillBoth","sprite2":"sam","sprite1":"base"},{"interaction":"KillBoth","tick":"134","pairInteractionTick":"134 - KillBoth","sprite2":"sam","sprite1":"base"},{"interaction":"KillBoth","tick":"136","pairInteractionTick":"136 - KillBoth","sprite2":"sam","sprite1":"base"},{"interaction":"KillBoth","tick":"139","pairInteractionTick":"139 - KillBoth","sprite2":"sam","sprite1":"base"},{"interaction":"KillSprite","tick":"152","pairInteractionTick":"152 - KillSprite","sprite2":"sam","sprite1":"alienBlue"},{"interaction":"KillBoth","tick":"156","pairInteractionTick":"156 - KillBoth","sprite2":"sam","sprite1":"base"},{"interaction":"KillSprite","tick":"167","pairInteractionTick":"167 - KillSprite","sprite2":"sam","sprite1":"alienBlue"},{"interaction":"KillBoth","tick":"170","pairInteractionTick":"170 - KillBoth","sprite2":"bomb","sprite1":"base"},{"interaction":"KillSprite","tick":"177","pairInteractionTick":"177 - KillSprite","sprite2":"sam","sprite1":"alienBlue"},{"interaction":"KillSprite","tick":"179","pairInteractionTick":"179 - KillSprite","sprite2":"sam","sprite1":"alienBlue"},{"interaction":"KillBoth","tick":"184","pairInteractionTick":"184 - KillBoth","sprite2":"sam","sprite1":"base"},{"interaction":"KillSprite","tick":"195","pairInteractionTick":"195 - KillSprite","sprite2":"sam","sprite1":"alienBlue"},{"interaction":"KillSprite","tick":"207","pairInteractionTick":"207 - KillSprite","sprite2":"sam","sprite1":"alienBlue"},{"interaction":"KillSprite","tick":"219","pairInteractionTick":"219 - KillSprite","sprite2":"sam","sprite1":"alienBlue"},{"interaction":"KillBoth","tick":"230","pairInteractionTick":"230 - KillBoth","sprite2":"sam","sprite1":"base"},{"interaction":"KillBoth","tick":"233","pairInteractionTick":"233 - KillBoth","sprite2":"sam","sprite1":"base"},{"interaction":"KillSprite","tick":"244","pairInteractionTick":"244 - KillSprite","sprite2":"sam","sprite1":"alienBlue"},{"interaction":"KillSprite","tick":"257","pairInteractionTick":"257 - KillSprite","sprite2":"sam","sprite1":"alienBlue"},{"interaction":"KillBoth","tick":"264","pairInteractionTick":"264 - KillBoth","sprite2":"sam","sprite1":"base"},{"interaction":"KillSprite","tick":"273","pairInteractionTick":"273 - KillSprite","sprite2":"sam","sprite1":"alienBlue"},{"interaction":"KillSprite","tick":"285","pairInteractionTick":"285 - KillSprite","sprite2":"sam","sprite1":"alienBlue"},{"interaction":"KillSprite","tick":"295","pairInteractionTick":"295 - KillSprite","sprite2":"alienBlue","sprite1":"base"},{"interaction":"KillSprite","tick":"295","pairInteractionTick":"295 - KillSprite","sprite2":"alienBlue","sprite1":"base"},{"interaction":"KillSprite","tick":"297","pairInteractionTick":"297 - KillSprite","sprite2":"sam","sprite1":"alienBlue"},{"interaction":"KillSprite","tick":"301","pairInteractionTick":"301 - KillSprite","sprite2":"alienBlue","sprite1":"base"},{"interaction":"KillBoth","tick":"303","pairInteractionTick":"303 - KillBoth","sprite2":"sam","sprite1":"base"},{"interaction":"KillBoth","tick":"310","pairInteractionTick":"310 - KillBoth","sprite2":"sam","sprite1":"base"},{"interaction":"KillBoth","tick":"330","pairInteractionTick":"330 - KillBoth","sprite2":"sam","sprite1":"base"},{"interaction":"KillSprite","tick":"331","pairInteractionTick":"331 - KillSprite","sprite2":"alienBlue","sprite1":"base"},{"interaction":"KillSprite","tick":"341","pairInteractionTick":"341 - KillSprite","sprite2":"sam","sprite1":"alienBlue"},{"interaction":"KillSprite","tick":"343","pairInteractionTick":"343 - KillSprite","sprite2":"alienBlue","sprite1":"base"},{"interaction":"KillSprite","tick":"349","pairInteractionTick":"349 - KillSprite","sprite2":"sam","sprite1":"alienBlue"},{"interaction":"KillBoth","tick":"360","pairInteractionTick":"360 - KillBoth","sprite2":"sam","sprite1":"base"},{"interaction":"KillBoth","tick":"383","pairInteractionTick":"383 - KillBoth","sprite2":"sam","sprite1":"base"},{"interaction":"KillBoth","tick":"390","pairInteractionTick":"390 - KillBoth","sprite2":"sam","sprite1":"base"},{"interaction":"KillSprite","tick":"400","pairInteractionTick":"400 - KillSprite","sprite2":"sam","sprite1":"alienBlue"},{"interaction":"KillBoth","tick":"410","pairInteractionTick":"410 - KillBoth","sprite2":"sam","sprite1":"base"},{"interaction":"KillSprite","tick":"422","pairInteractionTick":"422 - KillSprite","sprite2":"sam","sprite1":"alienBlue"},{"interaction":"KillSprite","tick":"434","pairInteractionTick":"434 - KillSprite","sprite2":"sam","sprite1":"alienBlue"}]