[{"interaction":"StepBack","tick":"8","pairInteractionTick":"8 - StepBack","sprite2":"wall","sprite1":"monsterNormal"},{"interaction":"KillSprite","tick":"8","pairInteractionTick":"8 - KillSprite","sprite2":"sword","sprite1":"monsterSlow"},{"interaction":"StepBack","tick":"10","pairInteractionTick":"10 - StepBack","sprite2":"wall","sprite1":"monsterQuick"},{"interaction":"StepBack","tick":"12","pairInteractionTick":"12 - StepBack","sprite2":"wall","sprite1":"monsterQuick"},{"interaction":"StepBack","tick":"12","pairInteractionTick":"12 - StepBack","sprite2":"wall","sprite1":"monsterNormal"},{"interaction":"StepBack","tick":"16","pairInteractionTick":"16 - StepBack","sprite2":"wall","sprite1":"monsterNormal"},{"interaction":"StepBack","tick":"18","pairInteractionTick":"18 - StepBack","sprite2":"wall","sprite1":"monsterQuick"},{"interaction":"StepBack","tick":"20","pairInteractionTick":"20 - StepBack","sprite2":"wall","sprite1":"monsterNormal"},{"interaction":"StepBack","tick":"24","pairInteractionTick":"24 - StepBack","sprite2":"wall","sprite1":"monsterQuick"},{"interaction":"StepBack","tick":"24","pairInteractionTick":"24 - StepBack","sprite2":"wall","sprite1":"monsterNormal"},{"interaction":"StepBack","tick":"26","pairInteractionTick":"26 - StepBack","sprite2":"wall","sprite1":"monsterQuick"},{"interaction":"StepBack","tick":"28","pairInteractionTick":"28 - StepBack","sprite2":"wall","sprite1":"monsterQuick"},{"interaction":"StepBack","tick":"28","pairInteractionTick":"28 - StepBack","sprite2":"monsterNormal","sprite1":"monsterQuick"},{"interaction":"StepBack","tick":"28","pairInteractionTick":"28 - StepBack","sprite2":"monsterQuick","sprite1":"monsterNormal"},{"interaction":"StepBack","tick":"30","pairInteractionTick":"30 - StepBack","sprite2":"wall","sprite1":"monsterQuick"},{"interaction":"StepBack","tick":"32","pairInteractionTick":"32 - StepBack","sprite2":"wall","sprite1":"monsterQuick"},{"interaction":"StepBack","tick":"32","pairInteractionTick":"32 - StepBack","sprite2":"monsterNormal","sprite1":"monsterQuick"},{"interaction":"StepBack","tick":"32","pairInteractionTick":"32 - StepBack","sprite2":"monsterQuick","sprite1":"monsterNormal"},{"interaction":"StepBack","tick":"36","pairInteractionTick":"36 - StepBack","sprite2":"wall","sprite1":"monsterNormal"},{"interaction":"TransformTo","tick":"37","pairInteractionTick":"37 - TransformTo","sprite2":"key","sprite1":"nokey"},{"interaction":"StepBack","tick":"38","pairInteractionTick":"38 - StepBack","sprite2":"wall","sprite1":"monsterQuick"},{"interaction":"StepBack","tick":"40","pairInteractionTick":"40 - StepBack","sprite2":"wall","sprite1":"monsterQuick"},{"interaction":"StepBack","tick":"40","pairInteractionTick":"40 - StepBack","sprite2":"wall","sprite1":"monsterNormal"},{"interaction":"StepBack","tick":"44","pairInteractionTick":"44 - StepBack","sprite2":"wall","sprite1":"monsterQuick"},{"interaction":"StepBack","tick":"46","pairInteractionTick":"46 - StepBack","sprite2":"wall","sprite1":"monsterQuick"},{"interaction":"StepBack","tick":"58","pairInteractionTick":"58 - StepBack","sprite2":"monsterNormal","sprite1":"monsterQuick"},{"interaction":"KillSprite","tick":"60","pairInteractionTick":"60 - KillSprite","sprite2":"sword","sprite1":"monsterNormal"},{"interaction":"StepBack","tick":"70","pairInteractionTick":"70 - StepBack","sprite2":"wall","sprite1":"monsterQuick"},{"interaction":"StepBack","tick":"72","pairInteractionTick":"72 - StepBack","sprite2":"wall","sprite1":"monsterQuick"},{"interaction":"KillSprite","tick":"73","pairInteractionTick":"73 - KillSprite","sprite2":"withkey","sprite1":"goal"}]