[{"interaction":"KillBoth","tick":"6","pairInteractionTick":"6 - KillBoth","sprite2":"sam","sprite1":"base"},{"interaction":"KillBoth","tick":"12","pairInteractionTick":"12 - KillBoth","sprite2":"sam","sprite1":"base"},{"interaction":"KillBoth","tick":"14","pairInteractionTick":"14 - KillBoth","sprite2":"sam","sprite1":"base"},{"interaction":"KillBoth","tick":"17","pairInteractionTick":"17 - KillBoth","sprite2":"sam","sprite1":"base"},{"interaction":"KillBoth","tick":"32","pairInteractionTick":"32 - KillBoth","sprite2":"sam","sprite1":"base"},{"interaction":"KillBoth","tick":"35","pairInteractionTick":"35 - KillBoth","sprite2":"sam","sprite1":"base"},{"interaction":"KillBoth","tick":"40","pairInteractionTick":"40 - KillBoth","sprite2":"sam","sprite1":"base"},{"interaction":"KillBoth","tick":"57","pairInteractionTick":"57 - KillBoth","sprite2":"sam","sprite1":"base"},{"interaction":"KillBoth","tick":"60","pairInteractionTick":"60 - KillBoth","sprite2":"sam","sprite1":"base"},{"interaction":"KillBoth","tick":"61","pairInteractionTick":"61 - KillBoth","sprite2":"bomb","sprite1":"base"},{"interaction":"KillBoth","tick":"62","pairInteractionTick":"62 - KillBoth","sprite2":"sam","sprite1":"base"},{"interaction":"KillBoth","tick":"65","pairInteractionTick":"65 - KillBoth","sprite2":"sam","sprite1":"base"},{"interaction":"KillBoth","tick":"100","pairInteractionTick":"100 - KillBoth","sprite2":"sam","sprite1":"base"},{"interaction":"KillBoth","tick":"103","pairInteractionTick":"103 - KillBoth","sprite2":"sam","sprite1":"base"},{"interaction":"KillBoth","tick":"119","pairInteractionTick":"119 - KillBoth","sprite2":"sam","sprite1":"base"},{"interaction":"KillBoth","tick":"169","pairInteractionTick":"169 - KillBoth","sprite2":"sam","sprite1":"base"},{"interaction":"KillBoth","tick":"174","pairInteractionTick":"174 - KillBoth","sprite2":"bomb","sprite1":"base"},{"interaction":"KillBoth","tick":"176","pairInteractionTick":"176 - KillBoth","sprite2":"sam","sprite1":"base"},{"interaction":"KillBoth","tick":"186","pairInteractionTick":"186 - KillBoth","sprite2":"sam","sprite1":"base"},{"interaction":"KillBoth","tick":"196","pairInteractionTick":"196 - KillBoth","sprite2":"sam","sprite1":"base"},{"interaction":"KillBoth","tick":"210","pairInteractionTick":"210 - KillBoth","sprite2":"sam","sprite1":"base"},{"interaction":"KillBoth","tick":"215","pairInteractionTick":"215 - KillBoth","sprite2":"sam","sprite1":"base"},{"interaction":"KillSprite","tick":"215","pairInteractionTick":"215 - KillSprite","sprite2":"alienBlue","sprite1":"base"},{"interaction":"KillSprite","tick":"218","pairInteractionTick":"218 - KillSprite","sprite2":"alienBlue","sprite1":"base"},{"interaction":"KillSprite","tick":"218","pairInteractionTick":"218 - KillSprite","sprite2":"alienBlue","sprite1":"base"},{"interaction":"KillBoth","tick":"225","pairInteractionTick":"225 - KillBoth","sprite2":"bomb","sprite1":"base"},{"interaction":"KillBoth","tick":"237","pairInteractionTick":"237 - KillBoth","sprite2":"sam","sprite1":"base"},{"interaction":"KillSprite","tick":"248","pairInteractionTick":"248 - KillSprite","sprite2":"sam","sprite1":"alienBlue"},{"interaction":"KillSprite","tick":"250","pairInteractionTick":"250 - KillSprite","sprite2":"sam","sprite1":"alienBlue"},{"interaction":"KillSprite","tick":"274","pairInteractionTick":"274 - KillSprite","sprite2":"sam","sprite1":"alienBlue"},{"interaction":"KillSprite","tick":"276","pairInteractionTick":"276 - KillSprite","sprite2":"sam","sprite1":"alienBlue"},{"interaction":"KillSprite","tick":"300","pairInteractionTick":"300 - KillSprite","sprite2":"sam","sprite1":"alienBlue"},{"interaction":"KillBoth","tick":"306","pairInteractionTick":"306 - KillBoth","sprite2":"bomb","sprite1":"base"},{"interaction":"KillSprite","tick":"315","pairInteractionTick":"315 - KillSprite","sprite2":"sam","sprite1":"alienBlue"},{"interaction":"KillSprite","tick":"317","pairInteractionTick":"317 - KillSprite","sprite2":"sam","sprite1":"alienBlue"},{"interaction":"KillSprite","tick":"343","pairInteractionTick":"343 - KillSprite","sprite2":"sam","sprite1":"alienBlue"},{"interaction":"KillBoth","tick":"350","pairInteractionTick":"350 - KillBoth","sprite2":"bomb","sprite1":"base"},{"interaction":"KillSprite","tick":"357","pairInteractionTick":"357 - KillSprite","sprite2":"sam","sprite1":"alienBlue"},{"interaction":"KillBoth","tick":"395","pairInteractionTick":"395 - KillBoth","sprite2":"sam","sprite1":"base"},{"interaction":"KillBoth","tick":"399","pairInteractionTick":"399 - KillBoth","sprite2":"sam","sprite1":"base"},{"interaction":"KillBoth","tick":"403","pairInteractionTick":"403 - KillBoth","sprite2":"sam","sprite1":"base"},{"interaction":"KillBoth","tick":"404","pairInteractionTick":"404 - KillBoth","sprite2":"bomb","sprite1":"base"},{"interaction":"KillBoth","tick":"409","pairInteractionTick":"409 - KillBoth","sprite2":"sam","sprite1":"base"},{"interaction":"KillSprite","tick":"429","pairInteractionTick":"429 - KillSprite","sprite2":"sam","sprite1":"alienBlue"},{"interaction":"KillSprite","tick":"441","pairInteractionTick":"441 - KillSprite","sprite2":"sam","sprite1":"alienBlue"},{"interaction":"KillSprite","tick":"454","pairInteractionTick":"454 - KillSprite","sprite2":"sam","sprite1":"alienBlue"},{"interaction":"KillSprite","tick":"475","pairInteractionTick":"475 - KillSprite","sprite2":"sam","sprite1":"alienBlue"},{"interaction":"KillSprite","tick":"536","pairInteractionTick":"536 - KillSprite","sprite2":"sam","sprite1":"alienBlue"},{"interaction":"KillBoth","tick":"554","pairInteractionTick":"554 - KillBoth","sprite2":"bomb","sprite1":"base"},{"interaction":"KillSprite","tick":"593","pairInteractionTick":"593 - KillSprite","sprite2":"sam","sprite1":"alienBlue"},{"interaction":"KillBoth","tick":"609","pairInteractionTick":"609 - KillBoth","sprite2":"bomb","sprite1":"base"},{"interaction":"KillSprite","tick":"611","pairInteractionTick":"611 - KillSprite","sprite2":"sam","sprite1":"alienBlue"},{"interaction":"KillSprite","tick":"638","pairInteractionTick":"638 - KillSprite","sprite2":"sam","sprite1":"alienBlue"},{"interaction":"KillSprite","tick":"666","pairInteractionTick":"666 - KillSprite","sprite2":"sam","sprite1":"alienBlue"},{"interaction":"KillSprite","tick":"712","pairInteractionTick":"712 - KillSprite","sprite2":"sam","sprite1":"alienBlue"},{"interaction":"KillSprite","tick":"744","pairInteractionTick":"744 - KillSprite","sprite2":"sam","sprite1":"alienBlue"}]