[{"interaction":"StepBack","tick":"12","pairInteractionTick":"12 - StepBack","sprite2":"wall","sprite1":"monsterSlow"},{"interaction":"StepBack","tick":"14","pairInteractionTick":"14 - StepBack","sprite2":"wall","sprite1":"monsterQuick"},{"interaction":"StepBack","tick":"16","pairInteractionTick":"16 - StepBack","sprite2":"wall","sprite1":"monsterQuick"},{"interaction":"StepBack","tick":"16","pairInteractionTick":"16 - StepBack","sprite2":"wall","sprite1":"monsterNormal"},{"interaction":"StepBack","tick":"18","pairInteractionTick":"18 - StepBack","sprite2":"wall","sprite1":"monsterQuick"},{"interaction":"StepBack","tick":"20","pairInteractionTick":"20 - StepBack","sprite2":"wall","sprite1":"monsterQuick"},{"interaction":"StepBack","tick":"20","pairInteractionTick":"20 - StepBack","sprite2":"wall","sprite1":"monsterSlow"},{"interaction":"StepBack","tick":"22","pairInteractionTick":"22 - StepBack","sprite2":"wall","sprite1":"monsterQuick"},{"interaction":"StepBack","tick":"24","pairInteractionTick":"24 - StepBack","sprite2":"wall","sprite1":"monsterQuick"},{"interaction":"StepBack","tick":"26","pairInteractionTick":"26 - StepBack","sprite2":"wall","sprite1":"monsterQuick"},{"interaction":"StepBack","tick":"30","pairInteractionTick":"30 - StepBack","sprite2":"wall","sprite1":"monsterQuick"},{"interaction":"StepBack","tick":"32","pairInteractionTick":"32 - StepBack","sprite2":"wall","sprite1":"monsterQuick"},{"interaction":"StepBack","tick":"32","pairInteractionTick":"32 - StepBack","sprite2":"wall","sprite1":"monsterQuick"},{"interaction":"StepBack","tick":"34","pairInteractionTick":"34 - StepBack","sprite2":"monsterNormal","sprite1":"monsterQuick"},{"interaction":"StepBack","tick":"38","pairInteractionTick":"38 - StepBack","sprite2":"monsterNormal","sprite1":"monsterQuick"},{"interaction":"StepBack","tick":"42","pairInteractionTick":"42 - StepBack","sprite2":"monsterNormal","sprite1":"monsterQuick"},{"interaction":"StepBack","tick":"44","pairInteractionTick":"44 - StepBack","sprite2":"monsterQuick","sprite1":"monsterQuick"},{"interaction":"StepBack","tick":"52","pairInteractionTick":"52 - StepBack","sprite2":"wall","sprite1":"monsterNormal"},{"interaction":"StepBack","tick":"54","pairInteractionTick":"54 - StepBack","sprite2":"wall","sprite1":"monsterQuick"},{"interaction":"StepBack","tick":"54","pairInteractionTick":"54 - StepBack","sprite2":"monsterQuick","sprite1":"monsterQuick"},{"interaction":"StepBack","tick":"54","pairInteractionTick":"54 - StepBack","sprite2":"monsterQuick","sprite1":"monsterQuick"},{"interaction":"StepBack","tick":"56","pairInteractionTick":"56 - StepBack","sprite2":"wall","sprite1":"monsterQuick"},{"interaction":"StepBack","tick":"56","pairInteractionTick":"56 - StepBack","sprite2":"wall","sprite1":"monsterQuick"},{"interaction":"StepBack","tick":"56","pairInteractionTick":"56 - StepBack","sprite2":"wall","sprite1":"monsterNormal"},{"interaction":"StepBack","tick":"58","pairInteractionTick":"58 - StepBack","sprite2":"wall","sprite1":"monsterQuick"},{"interaction":"StepBack","tick":"58","pairInteractionTick":"58 - StepBack","sprite2":"wall","sprite1":"monsterQuick"},{"interaction":"StepBack","tick":"60","pairInteractionTick":"60 - StepBack","sprite2":"wall","sprite1":"monsterQuick"},{"interaction":"StepBack","tick":"60","pairInteractionTick":"60 - StepBack","sprite2":"wall","sprite1":"monsterQuick"},{"interaction":"StepBack","tick":"60","pairInteractionTick":"60 - StepBack","sprite2":"wall","sprite1":"monsterNormal"},{"interaction":"StepBack","tick":"62","pairInteractionTick":"62 - StepBack","sprite2":"wall","sprite1":"monsterQuick"},{"interaction":"StepBack","tick":"62","pairInteractionTick":"62 - StepBack","sprite2":"wall","sprite1":"monsterQuick"},{"interaction":"StepBack","tick":"64","pairInteractionTick":"64 - StepBack","sprite2":"wall","sprite1":"monsterQuick"},{"interaction":"StepBack","tick":"64","pairInteractionTick":"64 - StepBack","sprite2":"wall","sprite1":"monsterQuick"},{"interaction":"StepBack","tick":"64","pairInteractionTick":"64 - StepBack","sprite2":"wall","sprite1":"monsterNormal"},{"interaction":"StepBack","tick":"66","pairInteractionTick":"66 - StepBack","sprite2":"wall","sprite1":"monsterQuick"},{"interaction":"StepBack","tick":"66","pairInteractionTick":"66 - StepBack","sprite2":"wall","sprite1":"monsterQuick"},{"interaction":"StepBack","tick":"68","pairInteractionTick":"68 - StepBack","sprite2":"wall","sprite1":"monsterQuick"},{"interaction":"StepBack","tick":"68","pairInteractionTick":"68 - StepBack","sprite2":"wall","sprite1":"monsterQuick"},{"interaction":"StepBack","tick":"68","pairInteractionTick":"68 - StepBack","sprite2":"wall","sprite1":"monsterNormal"},{"interaction":"StepBack","tick":"70","pairInteractionTick":"70 - StepBack","sprite2":"wall","sprite1":"monsterQuick"},{"interaction":"StepBack","tick":"70","pairInteractionTick":"70 - StepBack","sprite2":"monsterQuick","sprite1":"monsterQuick"},{"interaction":"StepBack","tick":"72","pairInteractionTick":"72 - StepBack","sprite2":"wall","sprite1":"monsterQuick"},{"interaction":"StepBack","tick":"72","pairInteractionTick":"72 - StepBack","sprite2":"wall","sprite1":"monsterNormal"},{"interaction":"StepBack","tick":"72","pairInteractionTick":"72 - StepBack","sprite2":"monsterQuick","sprite1":"monsterQuick"},{"interaction":"StepBack","tick":"74","pairInteractionTick":"74 - StepBack","sprite2":"wall","sprite1":"monsterQuick"},{"interaction":"StepBack","tick":"74","pairInteractionTick":"74 - StepBack","sprite2":"monsterQuick","sprite1":"monsterQuick"},{"interaction":"StepBack","tick":"76","pairInteractionTick":"76 - StepBack","sprite2":"wall","sprite1":"monsterQuick"},{"interaction":"StepBack","tick":"76","pairInteractionTick":"76 - StepBack","sprite2":"wall","sprite1":"monsterQuick"},{"interaction":"StepBack","tick":"76","pairInteractionTick":"76 - StepBack","sprite2":"wall","sprite1":"monsterNormal"},{"interaction":"StepBack","tick":"78","pairInteractionTick":"78 - StepBack","sprite2":"wall","sprite1":"monsterQuick"},{"interaction":"StepBack","tick":"78","pairInteractionTick":"78 - StepBack","sprite2":"wall","sprite1":"monsterQuick"},{"interaction":"StepBack","tick":"80","pairInteractionTick":"80 - StepBack","sprite2":"wall","sprite1":"monsterQuick"},{"interaction":"StepBack","tick":"80","pairInteractionTick":"80 - StepBack","sprite2":"wall","sprite1":"monsterQuick"},{"interaction":"StepBack","tick":"80","pairInteractionTick":"80 - StepBack","sprite2":"wall","sprite1":"monsterNormal"},{"interaction":"StepBack","tick":"82","pairInteractionTick":"82 - StepBack","sprite2":"wall","sprite1":"monsterQuick"},{"interaction":"StepBack","tick":"82","pairInteractionTick":"82 - StepBack","sprite2":"wall","sprite1":"monsterQuick"},{"interaction":"StepBack","tick":"84","pairInteractionTick":"84 - StepBack","sprite2":"wall","sprite1":"monsterQuick"},{"interaction":"StepBack","tick":"84","pairInteractionTick":"84 - StepBack","sprite2":"wall","sprite1":"monsterNormal"},{"interaction":"StepBack","tick":"86","pairInteractionTick":"86 - StepBack","sprite2":"wall","sprite1":"monsterQuick"},{"interaction":"StepBack","tick":"88","pairInteractionTick":"88 - StepBack","sprite2":"wall","sprite1":"monsterQuick"},{"interaction":"StepBack","tick":"88","pairInteractionTick":"88 - StepBack","sprite2":"wall","sprite1":"monsterNormal"},{"interaction":"StepBack","tick":"94","pairInteractionTick":"94 - StepBack","sprite2":"wall","sprite1":"monsterQuick"},{"interaction":"StepBack","tick":"96","pairInteractionTick":"96 - StepBack","sprite2":"wall","sprite1":"monsterQuick"},{"interaction":"StepBack","tick":"100","pairInteractionTick":"100 - StepBack","sprite2":"wall","sprite1":"monsterSlow"},{"interaction":"KillSprite","tick":"100","pairInteractionTick":"100 - KillSprite","sprite2":"monsterQuick","sprite1":"nokey"}]