[{"interaction":"KillBoth","tick":"3","pairInteractionTick":"3 - KillBoth","sprite2":"sam","sprite1":"base"},{"interaction":"KillBoth","tick":"6","pairInteractionTick":"6 - KillBoth","sprite2":"sam","sprite1":"base"},{"interaction":"KillBoth","tick":"13","pairInteractionTick":"13 - KillBoth","sprite2":"sam","sprite1":"base"},{"interaction":"KillBoth","tick":"17","pairInteractionTick":"17 - KillBoth","sprite2":"sam","sprite1":"base"},{"interaction":"KillBoth","tick":"21","pairInteractionTick":"21 - KillBoth","sprite2":"sam","sprite1":"base"},{"interaction":"KillBoth","tick":"38","pairInteractionTick":"38 - KillBoth","sprite2":"sam","sprite1":"base"},{"interaction":"KillBoth","tick":"40","pairInteractionTick":"40 - KillBoth","sprite2":"sam","sprite1":"base"},{"interaction":"KillBoth","tick":"68","pairInteractionTick":"68 - KillBoth","sprite2":"sam","sprite1":"base"},{"interaction":"KillBoth","tick":"72","pairInteractionTick":"72 - KillBoth","sprite2":"bomb","sprite1":"base"},{"interaction":"KillBoth","tick":"78","pairInteractionTick":"78 - KillBoth","sprite2":"sam","sprite1":"base"},{"interaction":"KillBoth","tick":"81","pairInteractionTick":"81 - KillBoth","sprite2":"sam","sprite1":"base"},{"interaction":"KillBoth","tick":"95","pairInteractionTick":"95 - KillBoth","sprite2":"sam","sprite1":"base"},{"interaction":"KillSprite","tick":"108","pairInteractionTick":"108 - KillSprite","sprite2":"sam","sprite1":"alienGreen"},{"interaction":"KillBoth","tick":"115","pairInteractionTick":"115 - KillBoth","sprite2":"bomb","sprite1":"base"},{"interaction":"KillSprite","tick":"120","pairInteractionTick":"120 - KillSprite","sprite2":"sam","sprite1":"alienGreen"},{"interaction":"KillSprite","tick":"132","pairInteractionTick":"132 - KillSprite","sprite2":"sam","sprite1":"alienGreen"},{"interaction":"KillSprite","tick":"144","pairInteractionTick":"144 - KillSprite","sprite2":"sam","sprite1":"alienGreen"},{"interaction":"KillBoth","tick":"157","pairInteractionTick":"157 - KillBoth","sprite2":"sam","sprite1":"base"},{"interaction":"KillSprite","tick":"168","pairInteractionTick":"168 - KillSprite","sprite2":"sam","sprite1":"alienGreen"},{"interaction":"KillBoth","tick":"179","pairInteractionTick":"179 - KillBoth","sprite2":"sam","sprite1":"base"},{"interaction":"KillBoth","tick":"183","pairInteractionTick":"183 - KillBoth","sprite2":"sam","sprite1":"base"},{"interaction":"KillBoth","tick":"193","pairInteractionTick":"193 - KillBoth","sprite2":"sam","sprite1":"base"},{"interaction":"KillBoth","tick":"220","pairInteractionTick":"220 - KillBoth","sprite2":"bomb","sprite1":"base"},{"interaction":"KillBoth","tick":"221","pairInteractionTick":"221 - KillBoth","sprite2":"bomb","sprite1":"base"},{"interaction":"KillSprite","tick":"241","pairInteractionTick":"241 - KillSprite","sprite2":"sam","sprite1":"alienGreen"},{"interaction":"KillSprite","tick":"258","pairInteractionTick":"258 - KillSprite","sprite2":"sam","sprite1":"alienGreen"},{"interaction":"KillSprite","tick":"270","pairInteractionTick":"270 - KillSprite","sprite2":"sam","sprite1":"alienGreen"},{"interaction":"KillBoth","tick":"289","pairInteractionTick":"289 - KillBoth","sprite2":"bomb","sprite1":"base"},{"interaction":"KillSprite","tick":"290","pairInteractionTick":"290 - KillSprite","sprite2":"sam","sprite1":"alienGreen"},{"interaction":"KillSprite","tick":"302","pairInteractionTick":"302 - KillSprite","sprite2":"sam","sprite1":"alienGreen"},{"interaction":"KillSprite","tick":"314","pairInteractionTick":"314 - KillSprite","sprite2":"sam","sprite1":"alienGreen"},{"interaction":"KillBoth","tick":"320","pairInteractionTick":"320 - KillBoth","sprite2":"bomb","sprite1":"base"},{"interaction":"KillBoth","tick":"320","pairInteractionTick":"320 - KillBoth","sprite2":"bomb","sprite1":"base"},{"interaction":"KillBoth","tick":"321","pairInteractionTick":"321 - KillBoth","sprite2":"bomb","sprite1":"base"},{"interaction":"KillBoth","tick":"321","pairInteractionTick":"321 - KillBoth","sprite2":"bomb","sprite1":"base"},{"interaction":"KillBoth","tick":"358","pairInteractionTick":"358 - KillBoth","sprite2":"sam","sprite1":"base"},{"interaction":"KillSprite","tick":"367","pairInteractionTick":"367 - KillSprite","sprite2":"sam","sprite1":"alienGreen"},{"interaction":"KillBoth","tick":"389","pairInteractionTick":"389 - KillBoth","sprite2":"bomb","sprite1":"base"},{"interaction":"KillSprite","tick":"395","pairInteractionTick":"395 - KillSprite","sprite2":"sam","sprite1":"alienGreen"},{"interaction":"KillSprite","tick":"413","pairInteractionTick":"413 - KillSprite","sprite2":"sam","sprite1":"alienGreen"},{"interaction":"KillSprite","tick":"439","pairInteractionTick":"439 - KillSprite","sprite2":"sam","sprite1":"alienGreen"},{"interaction":"KillSprite","tick":"449","pairInteractionTick":"449 - KillSprite","sprite2":"sam","sprite1":"alienGreen"},{"interaction":"KillBoth","tick":"456","pairInteractionTick":"456 - KillBoth","sprite2":"bomb","sprite1":"base"},{"interaction":"KillSprite","tick":"476","pairInteractionTick":"476 - KillSprite","sprite2":"alienGreen","sprite1":"base"},{"interaction":"KillBoth","tick":"500","pairInteractionTick":"500 - KillBoth","sprite2":"sam","sprite1":"base"},{"interaction":"KillSprite","tick":"503","pairInteractionTick":"503 - KillSprite","sprite2":"alienGreen","sprite1":"base"},{"interaction":"KillSprite","tick":"506","pairInteractionTick":"506 - KillSprite","sprite2":"alienGreen","sprite1":"base"},{"interaction":"KillSprite","tick":"519","pairInteractionTick":"519 - KillSprite","sprite2":"sam","sprite1":"alienGreen"},{"interaction":"KillBoth","tick":"543","pairInteractionTick":"543 - KillBoth","sprite2":"sam","sprite1":"base"},{"interaction":"KillSprite","tick":"554","pairInteractionTick":"554 - KillSprite","sprite2":"alienGreen","sprite1":"base"},{"interaction":"KillBoth","tick":"566","pairInteractionTick":"566 - KillBoth","sprite2":"bomb","sprite1":"base"},{"interaction":"KillBoth","tick":"571","pairInteractionTick":"571 - KillBoth","sprite2":"bomb","sprite1":"base"},{"interaction":"KillSprite","tick":"578","pairInteractionTick":"578 - KillSprite","sprite2":"alienGreen","sprite1":"base"},{"interaction":"KillSprite","tick":"587","pairInteractionTick":"587 - KillSprite","sprite2":"alienGreen","sprite1":"base"},{"interaction":"KillBoth","tick":"597","pairInteractionTick":"597 - KillBoth","sprite2":"sam","sprite1":"base"},{"interaction":"KillSprite","tick":"623","pairInteractionTick":"623 - KillSprite","sprite2":"alienGreen","sprite1":"base"},{"interaction":"KillSprite","tick":"629","pairInteractionTick":"629 - KillSprite","sprite2":"alienGreen","sprite1":"base"},{"interaction":"KillSprite","tick":"650","pairInteractionTick":"650 - KillSprite","sprite2":"alienGreen","sprite1":"base"},{"interaction":"KillSprite","tick":"650","pairInteractionTick":"650 - KillSprite","sprite2":"sam","sprite1":"alienGreen"},{"interaction":"KillSprite","tick":"716","pairInteractionTick":"716 - KillSprite","sprite2":"sam","sprite1":"alienGreen"},{"interaction":"KillSprite","tick":"749","pairInteractionTick":"749 - KillSprite","sprite2":"alienGreen","sprite1":"base"},{"interaction":"KillSprite","tick":"755","pairInteractionTick":"755 - KillSprite","sprite2":"alienGreen","sprite1":"base"},{"interaction":"KillBoth","tick":"767","pairInteractionTick":"767 - KillBoth","sprite2":"sam","sprite1":"base"},{"interaction":"KillSprite","tick":"770","pairInteractionTick":"770 - KillSprite","sprite2":"alienGreen","sprite1":"base"},{"interaction":"KillBoth","tick":"774","pairInteractionTick":"774 - KillBoth","sprite2":"sam","sprite1":"base"},{"interaction":"KillSprite","tick":"776","pairInteractionTick":"776 - KillSprite","sprite2":"sam","sprite1":"alienGreen"}]