[{"interaction":"TransformTo","tick":"14","pairInteractionTick":"14 - TransformTo","sprite2":"key","sprite1":"nokey"},{"interaction":"StepBack","tick":"20","pairInteractionTick":"20 - StepBack","sprite2":"wall","sprite1":"monsterNormal"},{"interaction":"StepBack","tick":"20","pairInteractionTick":"20 - StepBack","sprite2":"monsterNormal","sprite1":"monsterNormal"},{"interaction":"StepBack","tick":"20","pairInteractionTick":"20 - StepBack","sprite2":"monsterNormal","sprite1":"monsterNormal"},{"interaction":"StepBack","tick":"21","pairInteractionTick":"21 - StepBack","sprite2":"wall","sprite1":"withkey"},{"interaction":"StepBack","tick":"22","pairInteractionTick":"22 - StepBack","sprite2":"wall","sprite1":"withkey"},{"interaction":"StepBack","tick":"24","pairInteractionTick":"24 - StepBack","sprite2":"wall","sprite1":"monsterNormal"},{"interaction":"StepBack","tick":"24","pairInteractionTick":"24 - StepBack","sprite2":"wall","sprite1":"monsterNormal"},{"interaction":"StepBack","tick":"24","pairInteractionTick":"24 - StepBack","sprite2":"monsterNormal","sprite1":"monsterNormal"},{"interaction":"StepBack","tick":"24","pairInteractionTick":"24 - StepBack","sprite2":"monsterNormal","sprite1":"monsterNormal"},{"interaction":"StepBack","tick":"28","pairInteractionTick":"28 - StepBack","sprite2":"wall","sprite1":"monsterNormal"},{"interaction":"StepBack","tick":"28","pairInteractionTick":"28 - StepBack","sprite2":"monsterNormal","sprite1":"monsterNormal"},{"interaction":"StepBack","tick":"32","pairInteractionTick":"32 - StepBack","sprite2":"wall","sprite1":"monsterNormal"},{"interaction":"StepBack","tick":"51","pairInteractionTick":"51 - StepBack","sprite2":"wall","sprite1":"withkey"},{"interaction":"StepBack","tick":"52","pairInteractionTick":"52 - StepBack","sprite2":"wall","sprite1":"monsterNormal"},{"interaction":"StepBack","tick":"53","pairInteractionTick":"53 - StepBack","sprite2":"wall","sprite1":"withkey"},{"interaction":"StepBack","tick":"55","pairInteractionTick":"55 - StepBack","sprite2":"wall","sprite1":"withkey"},{"interaction":"StepBack","tick":"59","pairInteractionTick":"59 - StepBack","sprite2":"wall","sprite1":"withkey"},{"interaction":"StepBack","tick":"60","pairInteractionTick":"60 - StepBack","sprite2":"wall","sprite1":"withkey"},{"interaction":"StepBack","tick":"68","pairInteractionTick":"68 - StepBack","sprite2":"wall","sprite1":"monsterNormal"},{"interaction":"StepBack","tick":"72","pairInteractionTick":"72 - StepBack","sprite2":"wall","sprite1":"withkey"},{"interaction":"StepBack","tick":"72","pairInteractionTick":"72 - StepBack","sprite2":"wall","sprite1":"monsterNormal"},{"interaction":"StepBack","tick":"72","pairInteractionTick":"72 - StepBack","sprite2":"monsterNormal","sprite1":"monsterNormal"},{"interaction":"StepBack","tick":"76","pairInteractionTick":"76 - StepBack","sprite2":"wall","sprite1":"monsterNormal"},{"interaction":"StepBack","tick":"76","pairInteractionTick":"76 - StepBack","sprite2":"monsterNormal","sprite1":"monsterNormal"},{"interaction":"StepBack","tick":"78","pairInteractionTick":"78 - StepBack","sprite2":"wall","sprite1":"withkey"},{"interaction":"StepBack","tick":"79","pairInteractionTick":"79 - StepBack","sprite2":"wall","sprite1":"withkey"},{"interaction":"StepBack","tick":"82","pairInteractionTick":"82 - StepBack","sprite2":"wall","sprite1":"withkey"},{"interaction":"StepBack","tick":"83","pairInteractionTick":"83 - StepBack","sprite2":"wall","sprite1":"withkey"},{"interaction":"StepBack","tick":"88","pairInteractionTick":"88 - StepBack","sprite2":"wall","sprite1":"monsterNormal"},{"interaction":"StepBack","tick":"92","pairInteractionTick":"92 - StepBack","sprite2":"wall","sprite1":"monsterNormal"},{"interaction":"StepBack","tick":"92","pairInteractionTick":"92 - StepBack","sprite2":"wall","sprite1":"monsterNormal"},{"interaction":"StepBack","tick":"96","pairInteractionTick":"96 - StepBack","sprite2":"wall","sprite1":"monsterNormal"},{"interaction":"StepBack","tick":"96","pairInteractionTick":"96 - StepBack","sprite2":"wall","sprite1":"monsterNormal"},{"interaction":"StepBack","tick":"100","pairInteractionTick":"100 - StepBack","sprite2":"wall","sprite1":"monsterNormal"},{"interaction":"StepBack","tick":"100","pairInteractionTick":"100 - StepBack","sprite2":"wall","sprite1":"monsterNormal"},{"interaction":"StepBack","tick":"104","pairInteractionTick":"104 - StepBack","sprite2":"wall","sprite1":"monsterNormal"},{"interaction":"StepBack","tick":"104","pairInteractionTick":"104 - StepBack","sprite2":"wall","sprite1":"monsterNormal"},{"interaction":"StepBack","tick":"108","pairInteractionTick":"108 - StepBack","sprite2":"wall","sprite1":"monsterNormal"},{"interaction":"StepBack","tick":"112","pairInteractionTick":"112 - StepBack","sprite2":"wall","sprite1":"monsterNormal"},{"interaction":"StepBack","tick":"120","pairInteractionTick":"120 - StepBack","sprite2":"wall","sprite1":"withkey"},{"interaction":"StepBack","tick":"121","pairInteractionTick":"121 - StepBack","sprite2":"wall","sprite1":"withkey"},{"interaction":"StepBack","tick":"124","pairInteractionTick":"124 - StepBack","sprite2":"wall","sprite1":"monsterNormal"},{"interaction":"StepBack","tick":"136","pairInteractionTick":"136 - StepBack","sprite2":"wall","sprite1":"monsterNormal"},{"interaction":"StepBack","tick":"140","pairInteractionTick":"140 - StepBack","sprite2":"wall","sprite1":"monsterNormal"},{"interaction":"StepBack","tick":"151","pairInteractionTick":"151 - StepBack","sprite2":"wall","sprite1":"withkey"},{"interaction":"StepBack","tick":"152","pairInteractionTick":"152 - StepBack","sprite2":"wall","sprite1":"withkey"},{"interaction":"StepBack","tick":"164","pairInteractionTick":"164 - StepBack","sprite2":"wall","sprite1":"monsterNormal"},{"interaction":"StepBack","tick":"168","pairInteractionTick":"168 - StepBack","sprite2":"wall","sprite1":"monsterNormal"},{"interaction":"StepBack","tick":"172","pairInteractionTick":"172 - StepBack","sprite2":"wall","sprite1":"monsterNormal"},{"interaction":"StepBack","tick":"176","pairInteractionTick":"176 - StepBack","sprite2":"wall","sprite1":"monsterNormal"},{"interaction":"StepBack","tick":"178","pairInteractionTick":"178 - StepBack","sprite2":"wall","sprite1":"withkey"},{"interaction":"StepBack","tick":"180","pairInteractionTick":"180 - StepBack","sprite2":"wall","sprite1":"monsterNormal"},{"interaction":"StepBack","tick":"184","pairInteractionTick":"184 - StepBack","sprite2":"wall","sprite1":"monsterNormal"},{"interaction":"StepBack","tick":"184","pairInteractionTick":"184 - StepBack","sprite2":"wall","sprite1":"monsterNormal"},{"interaction":"StepBack","tick":"187","pairInteractionTick":"187 - StepBack","sprite2":"wall","sprite1":"withkey"},{"interaction":"KillSprite","tick":"188","pairInteractionTick":"188 - KillSprite","sprite2":"monsterNormal","sprite1":"withkey"}]