[{"interaction":"StepBack","tick":"12","pairInteractionTick":"12 - StepBack","sprite2":"wall","sprite1":"monsterSlow"},{"interaction":"StepBack","tick":"14","pairInteractionTick":"14 - StepBack","sprite2":"wall","sprite1":"monsterQuick"},{"interaction":"StepBack","tick":"16","pairInteractionTick":"16 - StepBack","sprite2":"wall","sprite1":"monsterQuick"},{"interaction":"StepBack","tick":"16","pairInteractionTick":"16 - StepBack","sprite2":"wall","sprite1":"monsterNormal"},{"interaction":"StepBack","tick":"18","pairInteractionTick":"18 - StepBack","sprite2":"wall","sprite1":"monsterQuick"},{"interaction":"StepBack","tick":"20","pairInteractionTick":"20 - StepBack","sprite2":"wall","sprite1":"monsterQuick"},{"interaction":"StepBack","tick":"20","pairInteractionTick":"20 - StepBack","sprite2":"wall","sprite1":"monsterSlow"},{"interaction":"StepBack","tick":"22","pairInteractionTick":"22 - StepBack","sprite2":"wall","sprite1":"monsterQuick"},{"interaction":"StepBack","tick":"24","pairInteractionTick":"24 - StepBack","sprite2":"wall","sprite1":"monsterQuick"},{"interaction":"StepBack","tick":"26","pairInteractionTick":"26 - StepBack","sprite2":"wall","sprite1":"monsterQuick"},{"interaction":"StepBack","tick":"30","pairInteractionTick":"30 - StepBack","sprite2":"wall","sprite1":"monsterQuick"},{"interaction":"StepBack","tick":"32","pairInteractionTick":"32 - StepBack","sprite2":"wall","sprite1":"monsterQuick"},{"interaction":"StepBack","tick":"32","pairInteractionTick":"32 - StepBack","sprite2":"wall","sprite1":"monsterQuick"},{"interaction":"StepBack","tick":"34","pairInteractionTick":"34 - StepBack","sprite2":"monsterNormal","sprite1":"monsterQuick"},{"interaction":"KillSprite","tick":"36","pairInteractionTick":"36 - KillSprite","sprite2":"monsterNormal","sprite1":"nokey"}]