[{"interaction":"KillBoth","tick":"2","pairInteractionTick":"2 - KillBoth","sprite2":"sam","sprite1":"base"},{"interaction":"KillBoth","tick":"4","pairInteractionTick":"4 - KillBoth","sprite2":"sam","sprite1":"base"},{"interaction":"KillBoth","tick":"6","pairInteractionTick":"6 - KillBoth","sprite2":"sam","sprite1":"base"},{"interaction":"KillBoth","tick":"9","pairInteractionTick":"9 - KillBoth","sprite2":"sam","sprite1":"base"},{"interaction":"KillBoth","tick":"13","pairInteractionTick":"13 - KillBoth","sprite2":"sam","sprite1":"base"},{"interaction":"KillBoth","tick":"15","pairInteractionTick":"15 - KillBoth","sprite2":"sam","sprite1":"base"},{"interaction":"KillBoth","tick":"17","pairInteractionTick":"17 - KillBoth","sprite2":"sam","sprite1":"base"},{"interaction":"KillBoth","tick":"19","pairInteractionTick":"19 - KillBoth","sprite2":"sam","sprite1":"base"},{"interaction":"KillBoth","tick":"21","pairInteractionTick":"21 - KillBoth","sprite2":"sam","sprite1":"base"},{"interaction":"KillBoth","tick":"24","pairInteractionTick":"24 - KillBoth","sprite2":"sam","sprite1":"base"},{"interaction":"KillBoth","tick":"27","pairInteractionTick":"27 - KillBoth","sprite2":"sam","sprite1":"base"},{"interaction":"KillBoth","tick":"30","pairInteractionTick":"30 - KillBoth","sprite2":"sam","sprite1":"base"},{"interaction":"KillBoth","tick":"36","pairInteractionTick":"36 - KillBoth","sprite2":"sam","sprite1":"base"},{"interaction":"KillBoth","tick":"39","pairInteractionTick":"39 - KillBoth","sprite2":"sam","sprite1":"base"},{"interaction":"KillBoth","tick":"42","pairInteractionTick":"42 - KillBoth","sprite2":"sam","sprite1":"base"},{"interaction":"KillBoth","tick":"44","pairInteractionTick":"44 - KillBoth","sprite2":"sam","sprite1":"base"},{"interaction":"KillBoth","tick":"46","pairInteractionTick":"46 - KillBoth","sprite2":"sam","sprite1":"base"},{"interaction":"KillBoth","tick":"49","pairInteractionTick":"49 - KillBoth","sprite2":"sam","sprite1":"base"},{"interaction":"KillBoth","tick":"52","pairInteractionTick":"52 - KillBoth","sprite2":"sam","sprite1":"base"},{"interaction":"KillBoth","tick":"57","pairInteractionTick":"57 - KillBoth","sprite2":"sam","sprite1":"base"},{"interaction":"KillBoth","tick":"60","pairInteractionTick":"60 - KillBoth","sprite2":"sam","sprite1":"base"},{"interaction":"KillBoth","tick":"61","pairInteractionTick":"61 - KillBoth","sprite2":"bomb","sprite1":"base"},{"interaction":"KillBoth","tick":"63","pairInteractionTick":"63 - KillBoth","sprite2":"sam","sprite1":"base"},{"interaction":"KillBoth","tick":"65","pairInteractionTick":"65 - KillBoth","sprite2":"sam","sprite1":"base"},{"interaction":"KillBoth","tick":"68","pairInteractionTick":"68 - KillBoth","sprite2":"sam","sprite1":"base"},{"interaction":"KillBoth","tick":"79","pairInteractionTick":"79 - KillBoth","sprite2":"sam","sprite1":"base"},{"interaction":"KillBoth","tick":"82","pairInteractionTick":"82 - KillBoth","sprite2":"sam","sprite1":"base"},{"interaction":"KillBoth","tick":"90","pairInteractionTick":"90 - KillBoth","sprite2":"sam","sprite1":"base"},{"interaction":"KillBoth","tick":"94","pairInteractionTick":"94 - KillBoth","sprite2":"sam","sprite1":"base"},{"interaction":"KillBoth","tick":"98","pairInteractionTick":"98 - KillBoth","sprite2":"sam","sprite1":"base"},{"interaction":"KillBoth","tick":"104","pairInteractionTick":"104 - KillBoth","sprite2":"sam","sprite1":"base"},{"interaction":"KillBoth","tick":"107","pairInteractionTick":"107 - KillBoth","sprite2":"sam","sprite1":"base"},{"interaction":"KillBoth","tick":"111","pairInteractionTick":"111 - KillBoth","sprite2":"sam","sprite1":"base"},{"interaction":"KillBoth","tick":"130","pairInteractionTick":"130 - KillBoth","sprite2":"sam","sprite1":"base"},{"interaction":"KillBoth","tick":"134","pairInteractionTick":"134 - KillBoth","sprite2":"sam","sprite1":"base"},{"interaction":"KillBoth","tick":"143","pairInteractionTick":"143 - KillBoth","sprite2":"sam","sprite1":"base"},{"interaction":"KillBoth","tick":"147","pairInteractionTick":"147 - KillBoth","sprite2":"sam","sprite1":"base"},{"interaction":"KillBoth","tick":"158","pairInteractionTick":"158 - KillBoth","sprite2":"sam","sprite1":"base"},{"interaction":"KillBoth","tick":"162","pairInteractionTick":"162 - KillBoth","sprite2":"sam","sprite1":"base"},{"interaction":"KillBoth","tick":"172","pairInteractionTick":"172 - KillBoth","sprite2":"sam","sprite1":"base"},{"interaction":"KillBoth","tick":"174","pairInteractionTick":"174 - KillBoth","sprite2":"bomb","sprite1":"base"},{"interaction":"KillBoth","tick":"182","pairInteractionTick":"182 - KillBoth","sprite2":"sam","sprite1":"base"},{"interaction":"KillSprite","tick":"196","pairInteractionTick":"196 - KillSprite","sprite2":"sam","sprite1":"alienBlue"},{"interaction":"KillSprite","tick":"215","pairInteractionTick":"215 - KillSprite","sprite2":"alienBlue","sprite1":"base"},{"interaction":"KillSprite","tick":"215","pairInteractionTick":"215 - KillSprite","sprite2":"alienBlue","sprite1":"base"},{"interaction":"KillBoth","tick":"217","pairInteractionTick":"217 - KillBoth","sprite2":"sam","sprite1":"base"},{"interaction":"KillSprite","tick":"218","pairInteractionTick":"218 - KillSprite","sprite2":"alienBlue","sprite1":"base"},{"interaction":"KillSprite","tick":"218","pairInteractionTick":"218 - KillSprite","sprite2":"alienBlue","sprite1":"base"},{"interaction":"KillSprite","tick":"227","pairInteractionTick":"227 - KillSprite","sprite2":"sam","sprite1":"alienBlue"},{"interaction":"KillSprite","tick":"267","pairInteractionTick":"267 - KillSprite","sprite2":"sam","sprite1":"alienBlue"},{"interaction":"KillSprite","tick":"284","pairInteractionTick":"284 - KillSprite","sprite2":"sam","sprite1":"alienBlue"},{"interaction":"KillSprite","tick":"296","pairInteractionTick":"296 - KillSprite","sprite2":"sam","sprite1":"alienBlue"},{"interaction":"KillSprite","tick":"309","pairInteractionTick":"309 - KillSprite","sprite2":"sam","sprite1":"alienBlue"},{"interaction":"KillSprite","tick":"324","pairInteractionTick":"324 - KillSprite","sprite2":"sam","sprite1":"alienBlue"},{"interaction":"KillSprite","tick":"337","pairInteractionTick":"337 - KillSprite","sprite2":"sam","sprite1":"alienBlue"},{"interaction":"KillSprite","tick":"356","pairInteractionTick":"356 - KillSprite","sprite2":"sam","sprite1":"alienBlue"},{"interaction":"KillSprite","tick":"370","pairInteractionTick":"370 - KillSprite","sprite2":"sam","sprite1":"alienBlue"},{"interaction":"KillSprite","tick":"381","pairInteractionTick":"381 - KillSprite","sprite2":"sam","sprite1":"alienBlue"},{"interaction":"KillSprite","tick":"394","pairInteractionTick":"394 - KillSprite","sprite2":"sam","sprite1":"alienBlue"},{"interaction":"KillSprite","tick":"421","pairInteractionTick":"421 - KillSprite","sprite2":"sam","sprite1":"alienBlue"},{"interaction":"KillSprite","tick":"424","pairInteractionTick":"424 - KillSprite","sprite2":"sam","sprite1":"alienBlue"},{"interaction":"KillSprite","tick":"437","pairInteractionTick":"437 - KillSprite","sprite2":"sam","sprite1":"alienBlue"},{"interaction":"KillSprite","tick":"449","pairInteractionTick":"449 - KillSprite","sprite2":"sam","sprite1":"alienBlue"},{"interaction":"KillSprite","tick":"451","pairInteractionTick":"451 - KillSprite","sprite2":"sam","sprite1":"alienBlue"},{"interaction":"KillSprite","tick":"514","pairInteractionTick":"514 - KillSprite","sprite2":"sam","sprite1":"alienBlue"},{"interaction":"KillSprite","tick":"525","pairInteractionTick":"525 - KillSprite","sprite2":"sam","sprite1":"alienBlue"},{"interaction":"KillSprite","tick":"569","pairInteractionTick":"569 - KillSprite","sprite2":"sam","sprite1":"alienBlue"}]