[{"interaction":"KillBoth","tick":"3","pairInteractionTick":"3 - KillBoth","sprite2":"sam","sprite1":"base"},{"interaction":"KillBoth","tick":"12","pairInteractionTick":"12 - KillBoth","sprite2":"sam","sprite1":"base"},{"interaction":"KillBoth","tick":"22","pairInteractionTick":"22 - KillBoth","sprite2":"sam","sprite1":"base"},{"interaction":"KillBoth","tick":"31","pairInteractionTick":"31 - KillBoth","sprite2":"sam","sprite1":"base"},{"interaction":"KillBoth","tick":"36","pairInteractionTick":"36 - KillBoth","sprite2":"sam","sprite1":"base"},{"interaction":"KillBoth","tick":"47","pairInteractionTick":"47 - KillBoth","sprite2":"sam","sprite1":"base"},{"interaction":"KillBoth","tick":"60","pairInteractionTick":"60 - KillBoth","sprite2":"sam","sprite1":"base"},{"interaction":"KillBoth","tick":"69","pairInteractionTick":"69 - KillBoth","sprite2":"sam","sprite1":"base"},{"interaction":"KillBoth","tick":"70","pairInteractionTick":"70 - KillBoth","sprite2":"bomb","sprite1":"base"},{"interaction":"KillBoth","tick":"70","pairInteractionTick":"70 - KillBoth","sprite2":"bomb","sprite1":"base"},{"interaction":"KillSprite","tick":"80","pairInteractionTick":"80 - KillSprite","sprite2":"sam","sprite1":"alienGreen"},{"interaction":"KillBoth","tick":"100","pairInteractionTick":"100 - KillBoth","sprite2":"bomb","sprite1":"base"},{"interaction":"KillBoth","tick":"100","pairInteractionTick":"100 - KillBoth","sprite2":"bomb","sprite1":"base"},{"interaction":"KillBoth","tick":"104","pairInteractionTick":"104 - KillBoth","sprite2":"sam","sprite1":"base"},{"interaction":"KillBoth","tick":"116","pairInteractionTick":"116 - KillBoth","sprite2":"sam","sprite1":"base"},{"interaction":"KillSprite","tick":"140","pairInteractionTick":"140 - KillSprite","sprite2":"sam","sprite1":"alienGreen"},{"interaction":"KillBoth","tick":"141","pairInteractionTick":"141 - KillBoth","sprite2":"bomb","sprite1":"base"},{"interaction":"KillBoth","tick":"141","pairInteractionTick":"141 - KillBoth","sprite2":"bomb","sprite1":"base"},{"interaction":"KillBoth","tick":"160","pairInteractionTick":"160 - KillBoth","sprite2":"bomb","sprite1":"base"},{"interaction":"KillBoth","tick":"160","pairInteractionTick":"160 - KillBoth","sprite2":"bomb","sprite1":"base"},{"interaction":"KillBoth","tick":"161","pairInteractionTick":"161 - KillBoth","sprite2":"sam","sprite1":"base"},{"interaction":"KillBoth","tick":"165","pairInteractionTick":"165 - KillBoth","sprite2":"sam","sprite1":"base"},{"interaction":"KillBoth","tick":"171","pairInteractionTick":"171 - KillBoth","sprite2":"sam","sprite1":"base"},{"interaction":"KillSprite","tick":"195","pairInteractionTick":"195 - KillSprite","sprite2":"sam","sprite1":"alienGreen"},{"interaction":"KillBoth","tick":"198","pairInteractionTick":"198 - KillBoth","sprite2":"bomb","sprite1":"base"},{"interaction":"KillSprite","tick":"207","pairInteractionTick":"207 - KillSprite","sprite2":"sam","sprite1":"alienGreen"},{"interaction":"KillSprite","tick":"254","pairInteractionTick":"254 - KillSprite","sprite2":"sam","sprite1":"alienGreen"},{"interaction":"KillSprite","tick":"255","pairInteractionTick":"255 - KillSprite","sprite2":"sam","sprite1":"alienGreen"},{"interaction":"KillBoth","tick":"264","pairInteractionTick":"264 - KillBoth","sprite2":"bomb","sprite1":"base"},{"interaction":"KillBoth","tick":"264","pairInteractionTick":"264 - KillBoth","sprite2":"bomb","sprite1":"base"},{"interaction":"KillSprite","tick":"278","pairInteractionTick":"278 - KillSprite","sprite2":"sam","sprite1":"alienGreen"},{"interaction":"KillBoth","tick":"279","pairInteractionTick":"279 - KillBoth","sprite2":"bomb","sprite1":"base"},{"interaction":"KillSprite","tick":"279","pairInteractionTick":"279 - KillSprite","sprite2":"sam","sprite1":"alienGreen"},{"interaction":"KillBoth","tick":"300","pairInteractionTick":"300 - KillBoth","sprite2":"bomb","sprite1":"base"},{"interaction":"KillBoth","tick":"300","pairInteractionTick":"300 - KillBoth","sprite2":"bomb","sprite1":"base"},{"interaction":"KillBoth","tick":"306","pairInteractionTick":"306 - KillBoth","sprite2":"bomb","sprite1":"base"},{"interaction":"KillSprite","tick":"306","pairInteractionTick":"306 - KillSprite","sprite2":"sam","sprite1":"alienGreen"},{"interaction":"KillSprite","tick":"320","pairInteractionTick":"320 - KillSprite","sprite2":"sam","sprite1":"alienGreen"},{"interaction":"KillSprite","tick":"364","pairInteractionTick":"364 - KillSprite","sprite2":"sam","sprite1":"alienGreen"},{"interaction":"KillSprite","tick":"376","pairInteractionTick":"376 - KillSprite","sprite2":"sam","sprite1":"alienGreen"},{"interaction":"KillSprite","tick":"390","pairInteractionTick":"390 - KillSprite","sprite2":"sam","sprite1":"alienGreen"},{"interaction":"KillSprite","tick":"405","pairInteractionTick":"405 - KillSprite","sprite2":"sam","sprite1":"alienGreen"},{"interaction":"KillSprite","tick":"440","pairInteractionTick":"440 - KillSprite","sprite2":"sam","sprite1":"alienGreen"},{"interaction":"KillSprite","tick":"443","pairInteractionTick":"443 - KillSprite","sprite2":"sam","sprite1":"alienGreen"},{"interaction":"KillBoth","tick":"447","pairInteractionTick":"447 - KillBoth","sprite2":"bomb","sprite1":"base"},{"interaction":"KillSprite","tick":"479","pairInteractionTick":"479 - KillSprite","sprite2":"sam","sprite1":"alienGreen"},{"interaction":"KillBoth","tick":"489","pairInteractionTick":"489 - KillBoth","sprite2":"bomb","sprite1":"base"},{"interaction":"KillBoth","tick":"507","pairInteractionTick":"507 - KillBoth","sprite2":"bomb","sprite1":"base"},{"interaction":"KillSprite","tick":"551","pairInteractionTick":"551 - KillSprite","sprite2":"sam","sprite1":"alienGreen"},{"interaction":"KillSprite","tick":"588","pairInteractionTick":"588 - KillSprite","sprite2":"sam","sprite1":"alienGreen"},{"interaction":"KillSprite","tick":"673","pairInteractionTick":"673 - KillSprite","sprite2":"sam","sprite1":"alienGreen"}]