[{"interaction":"StepBack","tick":"8","pairInteractionTick":"8 - StepBack","sprite2":"wall","sprite1":"monsterNormal"},{"interaction":"StepBack","tick":"10","pairInteractionTick":"10 - StepBack","sprite2":"wall","sprite1":"monsterQuick"},{"interaction":"StepBack","tick":"12","pairInteractionTick":"12 - StepBack","sprite2":"wall","sprite1":"monsterQuick"},{"interaction":"StepBack","tick":"12","pairInteractionTick":"12 - StepBack","sprite2":"wall","sprite1":"monsterNormal"},{"interaction":"StepBack","tick":"12","pairInteractionTick":"12 - StepBack","sprite2":"wall","sprite1":"monsterSlow"},{"interaction":"StepBack","tick":"14","pairInteractionTick":"14 - StepBack","sprite2":"wall","sprite1":"monsterQuick"},{"interaction":"StepBack","tick":"16","pairInteractionTick":"16 - StepBack","sprite2":"wall","sprite1":"monsterQuick"},{"interaction":"StepBack","tick":"16","pairInteractionTick":"16 - StepBack","sprite2":"wall","sprite1":"monsterNormal"},{"interaction":"StepBack","tick":"18","pairInteractionTick":"18 - StepBack","sprite2":"wall","sprite1":"monsterQuick"},{"interaction":"StepBack","tick":"20","pairInteractionTick":"20 - StepBack","sprite2":"wall","sprite1":"monsterNormal"},{"interaction":"StepBack","tick":"20","pairInteractionTick":"20 - StepBack","sprite2":"wall","sprite1":"monsterSlow"},{"interaction":"StepBack","tick":"24","pairInteractionTick":"24 - StepBack","sprite2":"wall","sprite1":"monsterNormal"},{"interaction":"StepBack","tick":"36","pairInteractionTick":"36 - StepBack","sprite2":"wall","sprite1":"monsterQuick"},{"interaction":"StepBack","tick":"38","pairInteractionTick":"38 - StepBack","sprite2":"wall","sprite1":"monsterQuick"},{"interaction":"StepBack","tick":"40","pairInteractionTick":"40 - StepBack","sprite2":"wall","sprite1":"monsterQuick"},{"interaction":"StepBack","tick":"46","pairInteractionTick":"46 - StepBack","sprite2":"wall","sprite1":"monsterQuick"},{"interaction":"StepBack","tick":"52","pairInteractionTick":"52 - StepBack","sprite2":"wall","sprite1":"monsterQuick"},{"interaction":"StepBack","tick":"52","pairInteractionTick":"52 - StepBack","sprite2":"wall","sprite1":"monsterNormal"},{"interaction":"StepBack","tick":"54","pairInteractionTick":"54 - StepBack","sprite2":"wall","sprite1":"monsterQuick"},{"interaction":"StepBack","tick":"64","pairInteractionTick":"64 - StepBack","sprite2":"wall","sprite1":"monsterNormal"},{"interaction":"StepBack","tick":"66","pairInteractionTick":"66 - StepBack","sprite2":"wall","sprite1":"monsterQuick"},{"interaction":"StepBack","tick":"68","pairInteractionTick":"68 - StepBack","sprite2":"wall","sprite1":"monsterQuick"},{"interaction":"StepBack","tick":"68","pairInteractionTick":"68 - StepBack","sprite2":"wall","sprite1":"monsterNormal"},{"interaction":"StepBack","tick":"72","pairInteractionTick":"72 - StepBack","sprite2":"wall","sprite1":"monsterQuick"},{"interaction":"StepBack","tick":"74","pairInteractionTick":"74 - StepBack","sprite2":"wall","sprite1":"monsterQuick"},{"interaction":"StepBack","tick":"76","pairInteractionTick":"76 - StepBack","sprite2":"wall","sprite1":"monsterQuick"},{"interaction":"StepBack","tick":"78","pairInteractionTick":"78 - StepBack","sprite2":"wall","sprite1":"monsterQuick"},{"interaction":"StepBack","tick":"80","pairInteractionTick":"80 - StepBack","sprite2":"wall","sprite1":"monsterQuick"},{"interaction":"StepBack","tick":"82","pairInteractionTick":"82 - StepBack","sprite2":"wall","sprite1":"monsterQuick"},{"interaction":"StepBack","tick":"84","pairInteractionTick":"84 - StepBack","sprite2":"wall","sprite1":"monsterQuick"},{"interaction":"StepBack","tick":"86","pairInteractionTick":"86 - StepBack","sprite2":"wall","sprite1":"monsterQuick"},{"interaction":"StepBack","tick":"88","pairInteractionTick":"88 - StepBack","sprite2":"wall","sprite1":"monsterQuick"},{"interaction":"StepBack","tick":"88","pairInteractionTick":"88 - StepBack","sprite2":"wall","sprite1":"monsterNormal"},{"interaction":"StepBack","tick":"90","pairInteractionTick":"90 - StepBack","sprite2":"wall","sprite1":"monsterQuick"},{"interaction":"StepBack","tick":"92","pairInteractionTick":"92 - StepBack","sprite2":"wall","sprite1":"monsterQuick"},{"interaction":"StepBack","tick":"94","pairInteractionTick":"94 - StepBack","sprite2":"wall","sprite1":"monsterQuick"},{"interaction":"StepBack","tick":"96","pairInteractionTick":"96 - StepBack","sprite2":"wall","sprite1":"monsterQuick"},{"interaction":"StepBack","tick":"108","pairInteractionTick":"108 - StepBack","sprite2":"wall","sprite1":"monsterNormal"},{"interaction":"StepBack","tick":"110","pairInteractionTick":"110 - StepBack","sprite2":"wall","sprite1":"monsterQuick"},{"interaction":"StepBack","tick":"112","pairInteractionTick":"112 - StepBack","sprite2":"wall","sprite1":"monsterQuick"},{"interaction":"StepBack","tick":"112","pairInteractionTick":"112 - StepBack","sprite2":"wall","sprite1":"monsterNormal"},{"interaction":"StepBack","tick":"114","pairInteractionTick":"114 - StepBack","sprite2":"wall","sprite1":"monsterQuick"},{"interaction":"StepBack","tick":"116","pairInteractionTick":"116 - StepBack","sprite2":"wall","sprite1":"monsterQuick"},{"interaction":"StepBack","tick":"116","pairInteractionTick":"116 - StepBack","sprite2":"wall","sprite1":"monsterSlow"},{"interaction":"StepBack","tick":"124","pairInteractionTick":"124 - StepBack","sprite2":"wall","sprite1":"monsterNormal"},{"interaction":"StepBack","tick":"124","pairInteractionTick":"124 - StepBack","sprite2":"wall","sprite1":"monsterSlow"},{"interaction":"StepBack","tick":"126","pairInteractionTick":"126 - StepBack","sprite2":"monsterNormal","sprite1":"monsterQuick"},{"interaction":"StepBack","tick":"128","pairInteractionTick":"128 - StepBack","sprite2":"wall","sprite1":"monsterNormal"},{"interaction":"StepBack","tick":"128","pairInteractionTick":"128 - StepBack","sprite2":"monsterNormal","sprite1":"monsterQuick"},{"interaction":"StepBack","tick":"130","pairInteractionTick":"130 - StepBack","sprite2":"monsterNormal","sprite1":"monsterQuick"},{"interaction":"StepBack","tick":"132","pairInteractionTick":"132 - StepBack","sprite2":"wall","sprite1":"monsterNormal"},{"interaction":"StepBack","tick":"136","pairInteractionTick":"136 - StepBack","sprite2":"wall","sprite1":"monsterNormal"},{"interaction":"StepBack","tick":"140","pairInteractionTick":"140 - StepBack","sprite2":"wall","sprite1":"monsterNormal"},{"interaction":"StepBack","tick":"152","pairInteractionTick":"152 - StepBack","sprite2":"wall","sprite1":"monsterQuick"},{"interaction":"StepBack","tick":"152","pairInteractionTick":"152 - StepBack","sprite2":"wall","sprite1":"monsterNormal"},{"interaction":"StepBack","tick":"156","pairInteractionTick":"156 - StepBack","sprite2":"wall","sprite1":"monsterNormal"},{"interaction":"StepBack","tick":"160","pairInteractionTick":"160 - StepBack","sprite2":"wall","sprite1":"monsterNormal"},{"interaction":"StepBack","tick":"164","pairInteractionTick":"164 - StepBack","sprite2":"wall","sprite1":"monsterNormal"},{"interaction":"StepBack","tick":"168","pairInteractionTick":"168 - StepBack","sprite2":"wall","sprite1":"monsterNormal"},{"interaction":"StepBack","tick":"172","pairInteractionTick":"172 - StepBack","sprite2":"wall","sprite1":"monsterNormal"},{"interaction":"StepBack","tick":"176","pairInteractionTick":"176 - StepBack","sprite2":"wall","sprite1":"monsterNormal"},{"interaction":"StepBack","tick":"180","pairInteractionTick":"180 - StepBack","sprite2":"wall","sprite1":"monsterNormal"},{"interaction":"StepBack","tick":"184","pairInteractionTick":"184 - StepBack","sprite2":"wall","sprite1":"monsterNormal"},{"interaction":"StepBack","tick":"186","pairInteractionTick":"186 - StepBack","sprite2":"wall","sprite1":"monsterQuick"},{"interaction":"StepBack","tick":"188","pairInteractionTick":"188 - StepBack","sprite2":"wall","sprite1":"monsterNormal"},{"interaction":"StepBack","tick":"190","pairInteractionTick":"190 - StepBack","sprite2":"wall","sprite1":"monsterQuick"},{"interaction":"StepBack","tick":"192","pairInteractionTick":"192 - StepBack","sprite2":"wall","sprite1":"monsterQuick"},{"interaction":"StepBack","tick":"192","pairInteractionTick":"192 - StepBack","sprite2":"wall","sprite1":"monsterNormal"},{"interaction":"StepBack","tick":"194","pairInteractionTick":"194 - StepBack","sprite2":"wall","sprite1":"monsterQuick"},{"interaction":"StepBack","tick":"196","pairInteractionTick":"196 - StepBack","sprite2":"wall","sprite1":"monsterNormal"},{"interaction":"StepBack","tick":"200","pairInteractionTick":"200 - StepBack","sprite2":"wall","sprite1":"monsterNormal"},{"interaction":"StepBack","tick":"204","pairInteractionTick":"204 - StepBack","sprite2":"wall","sprite1":"monsterNormal"},{"interaction":"StepBack","tick":"208","pairInteractionTick":"208 - StepBack","sprite2":"wall","sprite1":"monsterQuick"},{"interaction":"StepBack","tick":"210","pairInteractionTick":"210 - StepBack","sprite2":"wall","sprite1":"monsterQuick"},{"interaction":"StepBack","tick":"212","pairInteractionTick":"212 - StepBack","sprite2":"wall","sprite1":"monsterQuick"},{"interaction":"StepBack","tick":"214","pairInteractionTick":"214 - StepBack","sprite2":"wall","sprite1":"monsterQuick"},{"interaction":"StepBack","tick":"216","pairInteractionTick":"216 - StepBack","sprite2":"wall","sprite1":"monsterQuick"},{"interaction":"StepBack","tick":"218","pairInteractionTick":"218 - StepBack","sprite2":"wall","sprite1":"monsterQuick"},{"interaction":"StepBack","tick":"220","pairInteractionTick":"220 - StepBack","sprite2":"wall","sprite1":"monsterQuick"},{"interaction":"StepBack","tick":"222","pairInteractionTick":"222 - StepBack","sprite2":"wall","sprite1":"monsterQuick"},{"interaction":"StepBack","tick":"224","pairInteractionTick":"224 - StepBack","sprite2":"wall","sprite1":"monsterQuick"},{"interaction":"StepBack","tick":"226","pairInteractionTick":"226 - StepBack","sprite2":"wall","sprite1":"monsterQuick"},{"interaction":"StepBack","tick":"228","pairInteractionTick":"228 - StepBack","sprite2":"wall","sprite1":"monsterQuick"},{"interaction":"StepBack","tick":"228","pairInteractionTick":"228 - StepBack","sprite2":"wall","sprite1":"monsterSlow"},{"interaction":"StepBack","tick":"230","pairInteractionTick":"230 - StepBack","sprite2":"wall","sprite1":"monsterQuick"},{"interaction":"StepBack","tick":"232","pairInteractionTick":"232 - StepBack","sprite2":"wall","sprite1":"monsterQuick"},{"interaction":"StepBack","tick":"232","pairInteractionTick":"232 - StepBack","sprite2":"wall","sprite1":"monsterNormal"},{"interaction":"StepBack","tick":"234","pairInteractionTick":"234 - StepBack","sprite2":"wall","sprite1":"monsterQuick"},{"interaction":"StepBack","tick":"236","pairInteractionTick":"236 - StepBack","sprite2":"wall","sprite1":"monsterQuick"},{"interaction":"StepBack","tick":"252","pairInteractionTick":"252 - StepBack","sprite2":"wall","sprite1":"monsterNormal"},{"interaction":"StepBack","tick":"256","pairInteractionTick":"256 - StepBack","sprite2":"wall","sprite1":"monsterQuick"},{"interaction":"StepBack","tick":"256","pairInteractionTick":"256 - StepBack","sprite2":"wall","sprite1":"monsterNormal"},{"interaction":"StepBack","tick":"260","pairInteractionTick":"260 - StepBack","sprite2":"wall","sprite1":"monsterSlow"},{"interaction":"StepBack","tick":"264","pairInteractionTick":"264 - StepBack","sprite2":"wall","sprite1":"monsterQuick"},{"interaction":"StepBack","tick":"268","pairInteractionTick":"268 - StepBack","sprite2":"wall","sprite1":"monsterNormal"},{"interaction":"StepBack","tick":"268","pairInteractionTick":"268 - StepBack","sprite2":"wall","sprite1":"monsterSlow"},{"interaction":"StepBack","tick":"276","pairInteractionTick":"276 - StepBack","sprite2":"wall","sprite1":"monsterSlow"},{"interaction":"StepBack","tick":"276","pairInteractionTick":"276 - StepBack","sprite2":"monsterNormal","sprite1":"monsterQuick"},{"interaction":"StepBack","tick":"278","pairInteractionTick":"278 - StepBack","sprite2":"monsterNormal","sprite1":"monsterQuick"},{"interaction":"StepBack","tick":"282","pairInteractionTick":"282 - StepBack","sprite2":"wall","sprite1":"monsterQuick"},{"interaction":"StepBack","tick":"284","pairInteractionTick":"284 - StepBack","sprite2":"wall","sprite1":"monsterQuick"},{"interaction":"StepBack","tick":"284","pairInteractionTick":"284 - StepBack","sprite2":"wall","sprite1":"monsterSlow"},{"interaction":"StepBack","tick":"288","pairInteractionTick":"288 - StepBack","sprite2":"wall","sprite1":"monsterQuick"},{"interaction":"StepBack","tick":"290","pairInteractionTick":"290 - StepBack","sprite2":"wall","sprite1":"monsterQuick"},{"interaction":"StepBack","tick":"292","pairInteractionTick":"292 - StepBack","sprite2":"wall","sprite1":"monsterQuick"},{"interaction":"StepBack","tick":"292","pairInteractionTick":"292 - StepBack","sprite2":"wall","sprite1":"monsterSlow"},{"interaction":"StepBack","tick":"294","pairInteractionTick":"294 - StepBack","sprite2":"wall","sprite1":"monsterQuick"},{"interaction":"StepBack","tick":"296","pairInteractionTick":"296 - StepBack","sprite2":"wall","sprite1":"monsterQuick"},{"interaction":"StepBack","tick":"298","pairInteractionTick":"298 - StepBack","sprite2":"wall","sprite1":"monsterQuick"},{"interaction":"StepBack","tick":"304","pairInteractionTick":"304 - StepBack","sprite2":"wall","sprite1":"monsterNormal"},{"interaction":"StepBack","tick":"308","pairInteractionTick":"308 - StepBack","sprite2":"wall","sprite1":"monsterNormal"},{"interaction":"StepBack","tick":"312","pairInteractionTick":"312 - StepBack","sprite2":"wall","sprite1":"monsterNormal"},{"interaction":"StepBack","tick":"314","pairInteractionTick":"314 - StepBack","sprite2":"wall","sprite1":"monsterQuick"},{"interaction":"StepBack","tick":"316","pairInteractionTick":"316 - StepBack","sprite2":"wall","sprite1":"monsterQuick"},{"interaction":"StepBack","tick":"316","pairInteractionTick":"316 - StepBack","sprite2":"wall","sprite1":"monsterNormal"},{"interaction":"StepBack","tick":"318","pairInteractionTick":"318 - StepBack","sprite2":"wall","sprite1":"monsterQuick"},{"interaction":"StepBack","tick":"320","pairInteractionTick":"320 - StepBack","sprite2":"wall","sprite1":"monsterQuick"},{"interaction":"StepBack","tick":"320","pairInteractionTick":"320 - StepBack","sprite2":"wall","sprite1":"monsterNormal"},{"interaction":"StepBack","tick":"324","pairInteractionTick":"324 - StepBack","sprite2":"wall","sprite1":"monsterNormal"},{"interaction":"StepBack","tick":"328","pairInteractionTick":"328 - StepBack","sprite2":"wall","sprite1":"monsterNormal"},{"interaction":"StepBack","tick":"330","pairInteractionTick":"330 - StepBack","sprite2":"wall","sprite1":"monsterQuick"},{"interaction":"StepBack","tick":"332","pairInteractionTick":"332 - StepBack","sprite2":"wall","sprite1":"monsterQuick"},{"interaction":"StepBack","tick":"332","pairInteractionTick":"332 - StepBack","sprite2":"wall","sprite1":"monsterSlow"},{"interaction":"StepBack","tick":"334","pairInteractionTick":"334 - StepBack","sprite2":"wall","sprite1":"monsterQuick"},{"interaction":"StepBack","tick":"336","pairInteractionTick":"336 - StepBack","sprite2":"wall","sprite1":"monsterQuick"},{"interaction":"StepBack","tick":"336","pairInteractionTick":"336 - StepBack","sprite2":"monsterNormal","sprite1":"monsterQuick"},{"interaction":"StepBack","tick":"336","pairInteractionTick":"336 - StepBack","sprite2":"monsterQuick","sprite1":"monsterNormal"},{"interaction":"StepBack","tick":"338","pairInteractionTick":"338 - StepBack","sprite2":"wall","sprite1":"monsterQuick"},{"interaction":"StepBack","tick":"340","pairInteractionTick":"340 - StepBack","sprite2":"wall","sprite1":"monsterQuick"},{"interaction":"StepBack","tick":"340","pairInteractionTick":"340 - StepBack","sprite2":"monsterNormal","sprite1":"monsterQuick"},{"interaction":"StepBack","tick":"340","pairInteractionTick":"340 - StepBack","sprite2":"monsterQuick","sprite1":"monsterNormal"},{"interaction":"StepBack","tick":"342","pairInteractionTick":"342 - StepBack","sprite2":"monsterNormal","sprite1":"monsterQuick"},{"interaction":"StepBack","tick":"348","pairInteractionTick":"348 - StepBack","sprite2":"wall","sprite1":"monsterQuick"},{"interaction":"StepBack","tick":"348","pairInteractionTick":"348 - StepBack","sprite2":"wall","sprite1":"monsterSlow"},{"interaction":"StepBack","tick":"350","pairInteractionTick":"350 - StepBack","sprite2":"wall","sprite1":"monsterQuick"},{"interaction":"StepBack","tick":"352","pairInteractionTick":"352 - StepBack","sprite2":"wall","sprite1":"monsterQuick"},{"interaction":"StepBack","tick":"354","pairInteractionTick":"354 - StepBack","sprite2":"wall","sprite1":"monsterQuick"},{"interaction":"StepBack","tick":"356","pairInteractionTick":"356 - StepBack","sprite2":"wall","sprite1":"monsterQuick"},{"interaction":"StepBack","tick":"356","pairInteractionTick":"356 - StepBack","sprite2":"wall","sprite1":"monsterSlow"},{"interaction":"StepBack","tick":"358","pairInteractionTick":"358 - StepBack","sprite2":"wall","sprite1":"monsterQuick"},{"interaction":"StepBack","tick":"360","pairInteractionTick":"360 - StepBack","sprite2":"wall","sprite1":"monsterQuick"},{"interaction":"StepBack","tick":"362","pairInteractionTick":"362 - StepBack","sprite2":"wall","sprite1":"monsterQuick"},{"interaction":"StepBack","tick":"364","pairInteractionTick":"364 - StepBack","sprite2":"wall","sprite1":"monsterSlow"},{"interaction":"StepBack","tick":"368","pairInteractionTick":"368 - StepBack","sprite2":"wall","sprite1":"monsterQuick"},{"interaction":"StepBack","tick":"370","pairInteractionTick":"370 - StepBack","sprite2":"wall","sprite1":"monsterQuick"},{"interaction":"StepBack","tick":"372","pairInteractionTick":"372 - StepBack","sprite2":"wall","sprite1":"monsterQuick"},{"interaction":"StepBack","tick":"372","pairInteractionTick":"372 - StepBack","sprite2":"wall","sprite1":"monsterSlow"},{"interaction":"StepBack","tick":"374","pairInteractionTick":"374 - StepBack","sprite2":"wall","sprite1":"monsterQuick"},{"interaction":"StepBack","tick":"376","pairInteractionTick":"376 - StepBack","sprite2":"wall","sprite1":"monsterQuick"},{"interaction":"StepBack","tick":"382","pairInteractionTick":"382 - StepBack","sprite2":"wall","sprite1":"monsterQuick"},{"interaction":"StepBack","tick":"388","pairInteractionTick":"388 - StepBack","sprite2":"wall","sprite1":"monsterNormal"},{"interaction":"StepBack","tick":"392","pairInteractionTick":"392 - StepBack","sprite2":"wall","sprite1":"monsterNormal"},{"interaction":"StepBack","tick":"396","pairInteractionTick":"396 - StepBack","sprite2":"wall","sprite1":"monsterSlow"},{"interaction":"StepBack","tick":"404","pairInteractionTick":"404 - StepBack","sprite2":"wall","sprite1":"monsterQuick"},{"interaction":"StepBack","tick":"406","pairInteractionTick":"406 - StepBack","sprite2":"wall","sprite1":"monsterQuick"},{"interaction":"StepBack","tick":"408","pairInteractionTick":"408 - StepBack","sprite2":"wall","sprite1":"monsterQuick"},{"interaction":"StepBack","tick":"410","pairInteractionTick":"410 - StepBack","sprite2":"wall","sprite1":"monsterQuick"},{"interaction":"StepBack","tick":"412","pairInteractionTick":"412 - StepBack","sprite2":"wall","sprite1":"monsterNormal"},{"interaction":"KillSprite","tick":"418","pairInteractionTick":"418 - KillSprite","sprite2":"monsterQuick","sprite1":"nokey"}]