[{"interaction":"KillBoth","tick":"61","pairInteractionTick":"61 - KillBoth","sprite2":"bomb","sprite1":"base"},{"interaction":"KillBoth","tick":"174","pairInteractionTick":"174 - KillBoth","sprite2":"bomb","sprite1":"base"},{"interaction":"KillBoth","tick":"183","pairInteractionTick":"183 - KillBoth","sprite2":"bomb","sprite1":"base"},{"interaction":"KillSprite","tick":"215","pairInteractionTick":"215 - KillSprite","sprite2":"alienBlue","sprite1":"base"},{"interaction":"KillSprite","tick":"215","pairInteractionTick":"215 - KillSprite","sprite2":"alienBlue","sprite1":"base"},{"interaction":"KillSprite","tick":"218","pairInteractionTick":"218 - KillSprite","sprite2":"alienBlue","sprite1":"base"},{"interaction":"KillSprite","tick":"218","pairInteractionTick":"218 - KillSprite","sprite2":"alienBlue","sprite1":"base"},{"interaction":"KillSprite","tick":"221","pairInteractionTick":"221 - KillSprite","sprite2":"alienBlue","sprite1":"base"},{"interaction":"KillSprite","tick":"221","pairInteractionTick":"221 - KillSprite","sprite2":"alienBlue","sprite1":"base"},{"interaction":"KillBoth","tick":"225","pairInteractionTick":"225 - KillBoth","sprite2":"bomb","sprite1":"base"},{"interaction":"KillBoth","tick":"225","pairInteractionTick":"225 - KillBoth","sprite2":"bomb","sprite1":"base"},{"interaction":"KillBoth","tick":"264","pairInteractionTick":"264 - KillBoth","sprite2":"bomb","sprite1":"base"},{"interaction":"KillBoth","tick":"286","pairInteractionTick":"286 - KillBoth","sprite2":"bomb","sprite1":"base"},{"interaction":"KillBoth","tick":"286","pairInteractionTick":"286 - KillBoth","sprite2":"bomb","sprite1":"base"},{"interaction":"KillBoth","tick":"301","pairInteractionTick":"301 - KillBoth","sprite2":"bomb","sprite1":"base"},{"interaction":"KillBoth","tick":"301","pairInteractionTick":"301 - KillBoth","sprite2":"bomb","sprite1":"base"},{"interaction":"KillBoth","tick":"307","pairInteractionTick":"307 - KillBoth","sprite2":"bomb","sprite1":"base"},{"interaction":"KillBoth","tick":"307","pairInteractionTick":"307 - KillBoth","sprite2":"bomb","sprite1":"base"},{"interaction":"KillBoth","tick":"307","pairInteractionTick":"307 - KillBoth","sprite2":"bomb","sprite1":"base"},{"interaction":"KillBoth","tick":"322","pairInteractionTick":"322 - KillBoth","sprite2":"bomb","sprite1":"base"},{"interaction":"KillBoth","tick":"329","pairInteractionTick":"329 - KillBoth","sprite2":"bomb","sprite1":"base"},{"interaction":"KillBoth","tick":"339","pairInteractionTick":"339 - KillBoth","sprite2":"bomb","sprite1":"base"},{"interaction":"KillBoth","tick":"356","pairInteractionTick":"356 - KillBoth","sprite2":"bomb","sprite1":"base"},{"interaction":"KillBoth","tick":"356","pairInteractionTick":"356 - KillBoth","sprite2":"bomb","sprite1":"base"},{"interaction":"KillBoth","tick":"367","pairInteractionTick":"367 - KillBoth","sprite2":"bomb","sprite1":"base"},{"interaction":"KillBoth","tick":"429","pairInteractionTick":"429 - KillBoth","sprite2":"bomb","sprite1":"base"},{"interaction":"KillBoth","tick":"440","pairInteractionTick":"440 - KillBoth","sprite2":"bomb","sprite1":"base"},{"interaction":"KillSprite","tick":"454","pairInteractionTick":"454 - KillSprite","sprite2":"bomb","sprite1":"avatar"}]