[{"interaction":"KillBoth","tick":"2","pairInteractionTick":"2 - KillBoth","sprite2":"sam","sprite1":"base"},{"interaction":"KillBoth","tick":"4","pairInteractionTick":"4 - KillBoth","sprite2":"sam","sprite1":"base"},{"interaction":"KillBoth","tick":"6","pairInteractionTick":"6 - KillBoth","sprite2":"sam","sprite1":"base"},{"interaction":"KillBoth","tick":"10","pairInteractionTick":"10 - KillBoth","sprite2":"sam","sprite1":"base"},{"interaction":"KillBoth","tick":"13","pairInteractionTick":"13 - KillBoth","sprite2":"sam","sprite1":"base"},{"interaction":"KillBoth","tick":"17","pairInteractionTick":"17 - KillBoth","sprite2":"sam","sprite1":"base"},{"interaction":"KillBoth","tick":"22","pairInteractionTick":"22 - KillBoth","sprite2":"sam","sprite1":"base"},{"interaction":"KillBoth","tick":"24","pairInteractionTick":"24 - KillBoth","sprite2":"sam","sprite1":"base"},{"interaction":"KillBoth","tick":"26","pairInteractionTick":"26 - KillBoth","sprite2":"sam","sprite1":"base"},{"interaction":"KillBoth","tick":"35","pairInteractionTick":"35 - KillBoth","sprite2":"sam","sprite1":"base"},{"interaction":"KillBoth","tick":"39","pairInteractionTick":"39 - KillBoth","sprite2":"sam","sprite1":"base"},{"interaction":"KillBoth","tick":"47","pairInteractionTick":"47 - KillBoth","sprite2":"sam","sprite1":"base"},{"interaction":"KillBoth","tick":"50","pairInteractionTick":"50 - KillBoth","sprite2":"sam","sprite1":"base"},{"interaction":"KillBoth","tick":"53","pairInteractionTick":"53 - KillBoth","sprite2":"sam","sprite1":"base"},{"interaction":"KillBoth","tick":"56","pairInteractionTick":"56 - KillBoth","sprite2":"sam","sprite1":"base"},{"interaction":"KillBoth","tick":"60","pairInteractionTick":"60 - KillBoth","sprite2":"sam","sprite1":"base"},{"interaction":"KillBoth","tick":"63","pairInteractionTick":"63 - KillBoth","sprite2":"bomb","sprite1":"base"},{"interaction":"KillBoth","tick":"63","pairInteractionTick":"63 - KillBoth","sprite2":"bomb","sprite1":"base"},{"interaction":"KillBoth","tick":"63","pairInteractionTick":"63 - KillBoth","sprite2":"sam","sprite1":"base"},{"interaction":"KillBoth","tick":"71","pairInteractionTick":"71 - KillBoth","sprite2":"sam","sprite1":"base"},{"interaction":"KillBoth","tick":"74","pairInteractionTick":"74 - KillBoth","sprite2":"sam","sprite1":"base"},{"interaction":"KillBoth","tick":"81","pairInteractionTick":"81 - KillBoth","sprite2":"sam","sprite1":"base"},{"interaction":"KillBoth","tick":"87","pairInteractionTick":"87 - KillBoth","sprite2":"sam","sprite1":"base"},{"interaction":"KillBoth","tick":"94","pairInteractionTick":"94 - KillBoth","sprite2":"sam","sprite1":"base"},{"interaction":"KillBoth","tick":"101","pairInteractionTick":"101 - KillBoth","sprite2":"sam","sprite1":"base"},{"interaction":"KillSprite","tick":"116","pairInteractionTick":"116 - KillSprite","sprite2":"sam","sprite1":"alienBlue"},{"interaction":"KillBoth","tick":"130","pairInteractionTick":"130 - KillBoth","sprite2":"sam","sprite1":"base"},{"interaction":"KillBoth","tick":"135","pairInteractionTick":"135 - KillBoth","sprite2":"sam","sprite1":"base"},{"interaction":"KillBoth","tick":"139","pairInteractionTick":"139 - KillBoth","sprite2":"sam","sprite1":"base"},{"interaction":"KillBoth","tick":"143","pairInteractionTick":"143 - KillBoth","sprite2":"sam","sprite1":"base"},{"interaction":"KillSprite","tick":"155","pairInteractionTick":"155 - KillSprite","sprite2":"sam","sprite1":"alienBlue"},{"interaction":"KillBoth","tick":"158","pairInteractionTick":"158 - KillBoth","sprite2":"sam","sprite1":"base"},{"interaction":"KillSprite","tick":"167","pairInteractionTick":"167 - KillSprite","sprite2":"sam","sprite1":"alienBlue"},{"interaction":"KillBoth","tick":"172","pairInteractionTick":"172 - KillBoth","sprite2":"sam","sprite1":"base"},{"interaction":"KillBoth","tick":"175","pairInteractionTick":"175 - KillBoth","sprite2":"sam","sprite1":"base"},{"interaction":"KillBoth","tick":"180","pairInteractionTick":"180 - KillBoth","sprite2":"sam","sprite1":"base"},{"interaction":"KillBoth","tick":"184","pairInteractionTick":"184 - KillBoth","sprite2":"sam","sprite1":"base"},{"interaction":"KillBoth","tick":"187","pairInteractionTick":"187 - KillBoth","sprite2":"sam","sprite1":"base"},{"interaction":"KillBoth","tick":"190","pairInteractionTick":"190 - KillBoth","sprite2":"sam","sprite1":"base"},{"interaction":"KillBoth","tick":"199","pairInteractionTick":"199 - KillBoth","sprite2":"sam","sprite1":"base"},{"interaction":"KillBoth","tick":"206","pairInteractionTick":"206 - KillBoth","sprite2":"sam","sprite1":"base"},{"interaction":"KillBoth","tick":"213","pairInteractionTick":"213 - KillBoth","sprite2":"sam","sprite1":"base"},{"interaction":"KillSprite","tick":"215","pairInteractionTick":"215 - KillSprite","sprite2":"alienBlue","sprite1":"base"},{"interaction":"KillSprite","tick":"215","pairInteractionTick":"215 - KillSprite","sprite2":"alienBlue","sprite1":"base"},{"interaction":"KillSprite","tick":"218","pairInteractionTick":"218 - KillSprite","sprite2":"alienBlue","sprite1":"base"},{"interaction":"KillSprite","tick":"218","pairInteractionTick":"218 - KillSprite","sprite2":"alienBlue","sprite1":"base"},{"interaction":"KillBoth","tick":"220","pairInteractionTick":"220 - KillBoth","sprite2":"sam","sprite1":"base"},{"interaction":"KillSprite","tick":"221","pairInteractionTick":"221 - KillSprite","sprite2":"alienBlue","sprite1":"base"},{"interaction":"KillSprite","tick":"221","pairInteractionTick":"221 - KillSprite","sprite2":"alienBlue","sprite1":"base"},{"interaction":"KillSprite","tick":"229","pairInteractionTick":"229 - KillSprite","sprite2":"sam","sprite1":"alienBlue"},{"interaction":"KillSprite","tick":"241","pairInteractionTick":"241 - KillSprite","sprite2":"sam","sprite1":"alienBlue"},{"interaction":"KillSprite","tick":"255","pairInteractionTick":"255 - KillSprite","sprite2":"sam","sprite1":"alienBlue"},{"interaction":"KillSprite","tick":"257","pairInteractionTick":"257 - KillSprite","sprite2":"sam","sprite1":"alienBlue"},{"interaction":"KillBoth","tick":"265","pairInteractionTick":"265 - KillBoth","sprite2":"sam","sprite1":"base"},{"interaction":"KillSprite","tick":"287","pairInteractionTick":"287 - KillSprite","sprite2":"sam","sprite1":"alienBlue"},{"interaction":"KillSprite","tick":"291","pairInteractionTick":"291 - KillSprite","sprite2":"sam","sprite1":"alienBlue"},{"interaction":"KillSprite","tick":"299","pairInteractionTick":"299 - KillSprite","sprite2":"sam","sprite1":"alienBlue"},{"interaction":"KillSprite","tick":"317","pairInteractionTick":"317 - KillSprite","sprite2":"sam","sprite1":"alienBlue"},{"interaction":"KillSprite","tick":"329","pairInteractionTick":"329 - KillSprite","sprite2":"sam","sprite1":"alienBlue"},{"interaction":"KillSprite","tick":"346","pairInteractionTick":"346 - KillSprite","sprite2":"sam","sprite1":"alienBlue"},{"interaction":"KillSprite","tick":"355","pairInteractionTick":"355 - KillSprite","sprite2":"sam","sprite1":"alienBlue"},{"interaction":"KillSprite","tick":"370","pairInteractionTick":"370 - KillSprite","sprite2":"sam","sprite1":"alienBlue"},{"interaction":"KillSprite","tick":"386","pairInteractionTick":"386 - KillSprite","sprite2":"sam","sprite1":"alienBlue"},{"interaction":"KillSprite","tick":"398","pairInteractionTick":"398 - KillSprite","sprite2":"sam","sprite1":"alienBlue"},{"interaction":"KillSprite","tick":"400","pairInteractionTick":"400 - KillSprite","sprite2":"sam","sprite1":"alienBlue"},{"interaction":"KillSprite","tick":"414","pairInteractionTick":"414 - KillSprite","sprite2":"sam","sprite1":"alienBlue"},{"interaction":"KillSprite","tick":"445","pairInteractionTick":"445 - KillSprite","sprite2":"sam","sprite1":"alienBlue"}]