[{"interaction":"StepBack","tick":"6","pairInteractionTick":"6 - StepBack","sprite2":"wall","sprite1":"monsterQuick"},{"interaction":"StepBack","tick":"8","pairInteractionTick":"8 - StepBack","sprite2":"wall","sprite1":"monsterQuick"},{"interaction":"StepBack","tick":"10","pairInteractionTick":"10 - StepBack","sprite2":"wall","sprite1":"monsterQuick"},{"interaction":"TransformTo","tick":"11","pairInteractionTick":"11 - TransformTo","sprite2":"key","sprite1":"nokey"},{"interaction":"StepBack","tick":"12","pairInteractionTick":"12 - StepBack","sprite2":"wall","sprite1":"monsterQuick"},{"interaction":"StepBack","tick":"12","pairInteractionTick":"12 - StepBack","sprite2":"wall","sprite1":"monsterNormal"},{"interaction":"StepBack","tick":"14","pairInteractionTick":"14 - StepBack","sprite2":"wall","sprite1":"monsterQuick"},{"interaction":"KillSprite","tick":"15","pairInteractionTick":"15 - KillSprite","sprite2":"sword","sprite1":"monsterQuick"},{"interaction":"StepBack","tick":"16","pairInteractionTick":"16 - StepBack","sprite2":"wall","sprite1":"monsterNormal"},{"interaction":"StepBack","tick":"16","pairInteractionTick":"16 - StepBack","sprite2":"wall","sprite1":"monsterNormal"},{"interaction":"StepBack","tick":"20","pairInteractionTick":"20 - StepBack","sprite2":"wall","sprite1":"monsterNormal"},{"interaction":"StepBack","tick":"24","pairInteractionTick":"24 - StepBack","sprite2":"wall","sprite1":"monsterNormal"},{"interaction":"StepBack","tick":"24","pairInteractionTick":"24 - StepBack","sprite2":"wall","sprite1":"monsterNormal"},{"interaction":"KillSprite","tick":"26","pairInteractionTick":"26 - KillSprite","sprite2":"withkey","sprite1":"goal"}]