[{"interaction":"KillSprite","tick":"39","pairInteractionTick":"39 - KillSprite","sprite2":"sam","sprite1":"alienGreen"},{"interaction":"KillSprite","tick":"58","pairInteractionTick":"58 - KillSprite","sprite2":"sam","sprite1":"alienGreen"},{"interaction":"KillSprite","tick":"75","pairInteractionTick":"75 - KillSprite","sprite2":"sam","sprite1":"alienGreen"},{"interaction":"KillSprite","tick":"89","pairInteractionTick":"89 - KillSprite","sprite2":"sam","sprite1":"alienGreen"},{"interaction":"KillSprite","tick":"109","pairInteractionTick":"109 - KillSprite","sprite2":"sam","sprite1":"alienGreen"},{"interaction":"KillSprite","tick":"122","pairInteractionTick":"122 - KillSprite","sprite2":"sam","sprite1":"alienGreen"},{"interaction":"KillSprite","tick":"137","pairInteractionTick":"137 - KillSprite","sprite2":"sam","sprite1":"alienGreen"},{"interaction":"KillSprite","tick":"150","pairInteractionTick":"150 - KillSprite","sprite2":"sam","sprite1":"alienGreen"},{"interaction":"KillSprite","tick":"178","pairInteractionTick":"178 - KillSprite","sprite2":"sam","sprite1":"alienGreen"},{"interaction":"KillSprite","tick":"198","pairInteractionTick":"198 - KillSprite","sprite2":"sam","sprite1":"alienGreen"},{"interaction":"KillSprite","tick":"211","pairInteractionTick":"211 - KillSprite","sprite2":"sam","sprite1":"alienGreen"},{"interaction":"KillSprite","tick":"222","pairInteractionTick":"222 - KillSprite","sprite2":"sam","sprite1":"alienGreen"},{"interaction":"KillSprite","tick":"234","pairInteractionTick":"234 - KillSprite","sprite2":"sam","sprite1":"alienGreen"},{"interaction":"KillSprite","tick":"250","pairInteractionTick":"250 - KillSprite","sprite2":"sam","sprite1":"alienGreen"},{"interaction":"KillSprite","tick":"262","pairInteractionTick":"262 - KillSprite","sprite2":"sam","sprite1":"alienGreen"},{"interaction":"KillSprite","tick":"276","pairInteractionTick":"276 - KillSprite","sprite2":"sam","sprite1":"alienGreen"},{"interaction":"KillSprite","tick":"290","pairInteractionTick":"290 - KillSprite","sprite2":"sam","sprite1":"alienGreen"},{"interaction":"KillSprite","tick":"300","pairInteractionTick":"300 - KillSprite","sprite2":"sam","sprite1":"alienGreen"},{"interaction":"KillSprite","tick":"339","pairInteractionTick":"339 - KillSprite","sprite2":"sam","sprite1":"alienGreen"},{"interaction":"KillSprite","tick":"363","pairInteractionTick":"363 - KillSprite","sprite2":"sam","sprite1":"alienGreen"}]