[{"interaction":"StepBack","tick":"20","pairInteractionTick":"20 - StepBack","sprite2":"wall","sprite1":"monsterNormal"},{"interaction":"KillSprite","tick":"20","pairInteractionTick":"20 - KillSprite","sprite2":"sword","sprite1":"monsterNormal"},{"interaction":"StepBack","tick":"20","pairInteractionTick":"20 - StepBack","sprite2":"monsterNormal","sprite1":"monsterNormal"},{"interaction":"StepBack","tick":"20","pairInteractionTick":"20 - StepBack","sprite2":"monsterNormal","sprite1":"monsterNormal"},{"interaction":"StepBack","tick":"24","pairInteractionTick":"24 - StepBack","sprite2":"wall","sprite1":"monsterNormal"},{"interaction":"StepBack","tick":"24","pairInteractionTick":"24 - StepBack","sprite2":"monsterNormal","sprite1":"monsterNormal"},{"interaction":"StepBack","tick":"24","pairInteractionTick":"24 - StepBack","sprite2":"monsterNormal","sprite1":"monsterNormal"},{"interaction":"StepBack","tick":"28","pairInteractionTick":"28 - StepBack","sprite2":"wall","sprite1":"monsterNormal"},{"interaction":"StepBack","tick":"32","pairInteractionTick":"32 - StepBack","sprite2":"wall","sprite1":"monsterNormal"},{"interaction":"KillSprite","tick":"32","pairInteractionTick":"32 - KillSprite","sprite2":"sword","sprite1":"monsterNormal"},{"interaction":"StepBack","tick":"36","pairInteractionTick":"36 - StepBack","sprite2":"wall","sprite1":"monsterNormal"},{"interaction":"StepBack","tick":"40","pairInteractionTick":"40 - StepBack","sprite2":"wall","sprite1":"monsterNormal"},{"interaction":"KillSprite","tick":"44","pairInteractionTick":"44 - KillSprite","sprite2":"monsterNormal","sprite1":"nokey"}]